nodeID,newID
35,1
40,2
114,3
117,4
128,5
130,6
164,7
288,8
424,9
434,10
463,11
504,12
506,13
887,14
906,15
910,16
936,17
940,18
941,19
943,20
1026,21
1033,22
1034,23
1035,24
1213,25
1237,26
1246,27
1272,28
1365,29
1385,30
1481,31
1688,32
1694,33
1717,34
1786,35
1817,36
1919,37
1949,38
1951,39
1952,40
1953,41
1955,42
1956,43
1959,44
1997,45
1999,46
2354,47
2440,48
2653,49
2654,50
2658,51
2663,52
2665,53
2695,54
2696,55
2698,56
2702,57
3084,58
3085,59
3095,60
3097,61
3101,62
3112,63
3187,64
3191,65
3192,66
3217,67
3218,68
3220,69
3222,70
3223,71
3229,72
3231,73
3232,74
3233,75
3235,76
3236,77
3237,78
3240,79
3243,80
3828,81
3932,82
4274,83
4329,84
4330,85
4335,86
4553,87
4584,88
4637,89
4649,90
4660,91
4804,92
4878,93
4983,94
5038,95
5055,96
5062,97
5064,98
5069,99
5075,100
5086,101
5194,102
5348,103
5454,104
5462,105
5600,106
5869,107
5959,108
5966,109
6125,110
6130,111
6151,112
6152,113
6155,114
6163,115
6169,116
6170,117
6184,118
6196,119
6209,120
6210,121
6213,122
6214,123
6215,124
6216,125
6217,126
6220,127
6224,128
6238,129
6311,130
6318,131
6334,132
6343,133
6344,134
6346,135
6378,136
6385,137
6539,138
6639,139
6741,140
6767,141
6771,142
6775,143
6782,144
6784,145
6786,146
6814,147
6818,148
6898,149
6910,150
6913,151
6917,152
6923,153
6925,154
6935,155
6939,156
6941,157
7022,158
7032,159
7041,160
7047,161
7272,162
7276,163
7296,164
7297,165
7419,166
7430,167
7432,168
7532,169
7537,170
7867,171
8079,172
8213,173
8224,174
8581,175
8591,176
8594,177
8617,178
8619,179
8687,180
8696,181
8699,182
8703,183
8766,184
8821,185
8832,186
8865,187
8872,188
8874,189
8875,190
8961,191
9513,192
9515,193
9559,194
9581,195
9586,196
9708,197
9716,198
10169,199
10174,200
10177,201
10183,202
10186,203
10430,204
10435,205
10531,206
10793,207
10796,208
10798,209
10981,210
11093,211
11148,212
11325,213
11326,214
11335,215
11337,216
11339,217
11342,218
12155,219
12158,220
12165,221
12169,222
12182,223
12194,224
12195,225
12197,226
12198,227
12199,228
12210,229
12211,230
12238,231
12247,232
12275,233
12330,234
12337,235
12347,236
12350,237
12359,238
12439,239
12558,240
12576,241
12631,242
12638,243
12946,244
12960,245
13024,246
13136,247
13193,248
13195,249
13205,250
13208,251
13212,252
13213,253
13269,254
13652,255
13654,256
13656,257
13658,258
13686,259
13717,260
13885,261
13917,262
13960,263
13966,264
13972,265
13982,266
14062,267
14083,268
14090,269
14428,270
14429,271
14430,272
14431,273
14529,274
14531,275
14545,276
14549,277
14807,278
15076,279
15429,280
15431,281
15670,282
15889,283
15892,284
15984,285
15987,286
16008,287
16437,288
16451,289
16461,290
16470,291
16471,292
16474,293
16476,294
16485,295
16819,296
16843,297
17201,298
17208,299
17242,300
17363,301
17476,302
17477,303
17488,304
17798,305
17811,306
17821,307
18251,308
18313,309
18532,310
18536,311
18582,312
18615,313
18619,314
18770,315
18773,316
18774,317
18777,318
18781,319
18785,320
18811,321
18812,322
18815,323
18832,324
18833,325
18834,326
19045,327
19231,328
19621,329
19697,330
20178,331
20179,332
20180,333
20193,334
20526,335
20528,336
20534,337
20584,338
20592,339
20593,340
20601,341
20602,342
20821,343
20833,344
20850,345
20857,346
20920,347
20923,348
20924,349
20942,350
20972,351
22229,352
22241,353
22386,354
22431,355
22563,356
22564,357
22566,358
22835,359
22869,360
22874,361
22875,362
22876,363
22883,364
22886,365
23069,366
23070,367
23116,368
23258,369
23448,370
23502,371
23507,372
23545,373
23546,374
23738,375
23774,376
24043,377
24476,378
24530,379
24966,380
24974,381
25181,382
25184,383
25413,384
25702,385
25772,386
25791,387
25794,388
25805,389
26850,390
27174,391
27199,392
27203,393
27230,394
27241,395
27243,396
27246,397
27249,398
27250,399
27510,400
27514,401
27530,402
27531,403
27535,404
27543,405
27606,406
27612,407
27623,408
27627,409
27631,410
27632,411
27895,412
28026,413
28202,414
28227,415
28230,416
28249,417
28254,418
28265,419
28267,420
28278,421
28287,422
28290,423
28336,424
28350,425
28359,426
28385,427
28387,428
28389,429
28412,430
28447,431
28456,432
28471,433
28473,434
28485,435
28487,436
28489,437
28491,438
28504,439
28542,440
28632,441
28640,442
28641,443
28649,444
28674,445
28851,446
28957,447
28964,448
29492,449
29708,450
29723,451
29738,452
30817,453
30895,454
30901,455
30934,456
30973,457
31043,458
31055,459
31083,460
31097,461
31105,462
31336,463
31349,464
31353,465
31479,466
31483,467
31489,468
31769,469
31863,470
31927,471
31932,472
32083,473
32260,474
32276,475
32688,476
32698,477
32872,478
33013,479
33231,480
33301,481
33303,482
33325,483
33412,484
33818,485
33823,486
33895,487
33904,488
33907,489
34082,490
34257,491
34263,492
34266,493
34315,494
34355,495
34708,496
34961,497
34979,498
35061,499
35070,500
35335,501
35343,502
35490,503
35778,504
35797,505
35852,506
35854,507
35863,508
35905,509
35922,510
36131,511
36140,512
36145,513
36162,514
36167,515
36620,516
36802,517
37483,518
37541,519
37879,520
37884,521
37888,522
37998,523
38000,524
38205,525
38480,526
38537,527
38722,528
38771,529
38829,530
38839,531
38845,532
38846,533
39124,534
39126,535
39127,536
39130,537
39131,538
39165,539
39199,540
39210,541
39403,542
39474,543
39890,544
39904,545
40124,546
40125,547
40131,548
40135,549
40151,550
40583,551
40605,552
40886,553
40922,554
41216,555
41417,556
41666,557
41714,558
41732,559
42156,560
42207,561
42209,562
42221,563
42847,564
42848,565
43165,566
43186,567
43639,568
43698,569
44017,570
44121,571
44368,572
44455,573
44514,574
45052,575
45061,576
45188,577
45189,578
45212,579
45533,580
45599,581
45603,582
45605,583
46079,584
46431,585
46452,586
46468,587
46470,588
46476,589
46491,590
46500,591
46501,592
46536,593
46547,594
46887,595
47570,596
47682,597
47683,598
47684,599
47839,600
48066,601
48075,602
48550,603
48555,604
48764,605
48766,606
48768,607
48781,608
49482,609
49660,610
49720,611
49753,612
49811,613
49843,614
49844,615
49847,616
49895,617
50336,618
50337,619
50354,620
50381,621
50807,622
50838,623
50980,624
51045,625
51049,626
51052,627
51180,628
51831,629
51834,630
51866,631
51879,632
51909,633
51934,634
52000,635
52003,636
52007,637
52515,638
52784,639
52835,640
52847,641
53942,642
54129,643
54131,644
54132,645
54550,646
54844,647
55403,648
55770,649
55801,650
55968,651
56112,652
56115,653
56119,654
56167,655
56708,656
56709,657
57119,658
57764,659
57773,660
57922,661
57932,662
57948,663
58268,664
58436,665
58453,666
58454,667
58540,668
58552,669
58758,670
59045,671
59244,672
59626,673
59715,674
59772,675
59798,676
60159,677
60169,678
60170,679
60560,680
60682,681
61069,682
61073,683
61312,684
61417,685
62274,686
62329,687
62333,688
62347,689
62389,690
62417,691
62607,692
62634,693
62676,694
62718,695
63477,696
63486,697
63549,698
63812,699
63832,700
63835,701
63915,702
63931,703
64271,704
64319,705
64484,706
64519,707
65057,708
65074,709
65212,710
65650,711
65653,712
66556,713
66563,714
66564,715
66594,716
66596,717
66751,718
66782,719
66794,720
66805,721
66809,722
66982,723
66986,724
66990,725
67245,726
67246,727
67292,728
67415,729
67584,730
67633,731
68115,732
68224,733
68463,734
68495,735
68505,736
69198,737
69284,738
69296,739
69392,740
69397,741
69418,742
70281,743
70441,744
70442,745
70444,746
70520,747
70970,748
71336,749
71736,750
71904,751
72056,752
72101,753
72406,754
72805,755
72908,756
73119,757
73146,758
73162,759
73323,760
73327,761
73712,762
73972,763
74427,764
74698,765
74700,766
74749,767
74821,768
74920,769
74921,770
74937,771
74975,772
75121,773
75318,774
75674,775
75691,776
75693,777
75694,778
75695,779
75969,780
75972,781
75983,782
77108,783
77112,784
77438,785
77515,786
77758,787
77826,788
77829,789
78508,790
78511,791
78549,792
78552,793
78555,794
78557,795
78994,796
79809,797
79817,798
80491,799
80515,800
80656,801
81350,802
81714,803
81722,804
82087,805
82090,806
82098,807
82664,808
82666,809
82920,810
83449,811
83461,812
83725,813
83746,814
83826,815
83847,816
84020,817
84021,818
84459,819
84695,820
85299,821
85324,822
85352,823
85449,824
85452,825
85688,826
86258,827
86359,828
86840,829
86923,830
87363,831
87417,832
87482,833
87915,834
88356,835
89308,836
89335,837
89416,838
89547,839
90470,840
90655,841
90888,842
91038,843
91581,844
91852,845
91853,846
91975,847
92065,848
92589,849
93273,850
93318,851
93320,852
93555,853
93755,854
93923,855
94229,856
94416,857
94639,858
94641,859
94713,860
94953,861
95188,862
95198,863
95225,864
95435,865
95579,866
95586,867
95588,868
95589,869
95594,870
95597,871
95642,872
95718,873
95719,874
96335,875
96845,876
96847,877
96851,878
97377,879
97390,880
97645,881
97892,882
98693,883
98698,884
99023,885
99025,886
99030,887
100197,888
100701,889
100935,890
100961,891
101143,892
101145,893
101261,894
101263,895
101660,896
101662,897
101811,898
102061,899
102406,900
102879,901
102884,902
102938,903
102939,904
103430,905
103482,906
103515,907
103528,908
103529,909
103531,910
103537,911
103543,912
104840,913
105057,914
105856,915
105865,916
105899,917
106590,918
107177,919
107251,920
107252,921
107569,922
108047,923
108962,924
108963,925
108974,926
108983,927
109323,928
110041,929
110162,930
110163,931
110164,932
111676,933
111770,934
111866,935
112099,936
112378,937
112787,938
112813,939
114189,940
114308,941
114966,942
115188,943
116021,944
116081,945
116084,946
116087,947
116512,948
116528,949
116545,950
116552,951
116553,952
116790,953
117315,954
117316,955
117328,956
118079,957
118259,958
118260,959
118424,960
118435,961
118436,962
118558,963
118559,964
118682,965
118873,966
119686,967
119712,968
119761,969
119956,970
120013,971
120039,972
120084,973
120817,974
121792,975
123556,976
123825,977
124064,978
124224,979
124296,980
124734,981
124828,982
124952,983
126128,984
126793,985
126867,986
126868,987
126909,988
126912,989
126920,990
126926,991
126927,992
127033,993
127940,994
128202,995
128203,996
128383,997
128540,998
129042,999
129045,1000
129287,1001
129558,1002
129896,1003
129897,1004
131042,1005
131117,1006
131122,1007
131315,1008
131317,1009
131318,1010
132806,1011
132821,1012
133550,1013
133553,1014
133563,1015
133566,1016
133567,1017
133615,1018
133628,1019
134060,1020
134128,1021
134199,1022
134219,1023
134307,1024
134314,1025
134315,1026
134316,1027
134320,1028
135130,1029
135464,1030
135765,1031
135766,1032
135798,1033
136665,1034
136766,1035
136767,1036
136768,1037
137130,1038
137359,1039
137380,1040
137790,1041
137849,1042
137868,1043
137873,1044
137956,1045
139547,1046
139738,1047
139865,1048
140005,1049
140569,1050
141160,1051
141171,1052
141324,1053
141342,1054
141347,1055
141596,1056
141868,1057
142268,1058
143323,1059
143476,1060
143676,1061
143801,1062
144212,1063
144330,1064
144408,1065
144679,1066
144701,1067
145134,1068
145176,1069
145215,1070
145315,1071
145384,1072
147870,1073
148170,1074
148341,1075
148399,1076
149139,1077
149669,1078
151430,1079
151708,1080
152219,1081
152226,1082
152227,1083
152483,1084
152731,1085
153063,1086
153598,1087
154023,1088
154047,1089
154134,1090
154982,1091
155158,1092
155277,1093
155736,1094
155738,1095
156794,1096
156977,1097
157401,1098
157761,1099
157805,1100
158098,1101
158172,1102
158614,1103
158812,1104
159084,1105
159085,1106
159897,1107
160705,1108
160732,1109
161221,1110
162075,1111
162080,1112
162664,1113
163235,1114
164885,1115
166420,1116
166825,1117
166989,1118
167205,1119
167656,1120
167670,1121
168332,1122
168410,1123
168958,1124
169279,1125
169280,1126
170338,1127
170798,1128
171225,1129
171954,1130
173863,1131
173884,1132
174418,1133
174425,1134
175256,1135
175291,1136
175548,1137
175576,1138
175909,1139
177115,1140
177993,1141
177998,1142
178209,1143
178718,1144
178727,1145
179180,1146
179702,1147
179706,1148
180187,1149
180301,1150
180373,1151
180399,1152
181782,1153
182093,1154
182094,1155
184157,1156
184918,1157
187260,1158
187354,1159
188318,1160
188471,1161
189566,1162
189571,1163
189572,1164
189574,1165
189577,1166
189620,1167
189623,1168
189655,1169
189708,1170
189721,1171
189774,1172
189856,1173
190697,1174
190698,1175
190706,1176
191216,1177
191222,1178
191404,1179
192734,1180
192850,1181
192870,1182
193347,1183
193352,1184
193354,1185
193742,1186
193918,1187
193931,1188
193932,1189
194223,1190
194609,1191
194617,1192
194645,1193
195150,1194
195361,1195
195792,1196
197054,1197
197452,1198
197783,1199
198443,1200
198653,1201
198866,1202
199571,1203
200480,1204
200630,1205
202520,1206
202522,1207
202639,1208
203646,1209
205192,1210
205196,1211
206259,1212
206371,1213
206524,1214
207395,1215
208345,1216
210309,1217
210871,1218
210872,1219
211432,1220
211875,1221
211906,1222
212097,1223
212107,1224
212777,1225
212930,1226
213246,1227
213279,1228
214472,1229
215912,1230
216877,1231
216878,1232
217115,1233
217139,1234
217852,1235
217984,1236
218410,1237
218666,1238
218682,1239
219218,1240
219239,1241
219446,1242
219976,1243
220420,1244
221302,1245
226698,1246
227178,1247
227286,1248
228990,1249
228992,1250
229635,1251
230300,1252
230879,1253
230884,1254
231198,1255
231249,1256
232605,1257
232606,1258
232860,1259
233106,1260
235670,1261
235678,1262
235679,1263
235683,1264
235776,1265
236759,1266
237376,1267
237489,1268
237521,1269
238099,1270
238401,1271
239800,1272
239810,1273
239829,1274
240321,1275
240791,1276
241133,1277
241821,1278
242637,1279
242663,1280
243274,1281
243483,1282
245288,1283
245955,1284
246618,1285
248119,1286
248395,1287
248425,1288
248431,1289
248823,1290
249421,1291
249858,1292
250566,1293
251756,1294
252715,1295
252725,1296
253762,1297
253971,1298
254923,1299
255233,1300
255628,1301
256106,1302
258259,1303
259126,1304
259701,1305
259702,1306
259772,1307
260121,1308
260979,1309
261040,1310
262108,1311
262121,1312
262178,1313
263069,1314
263279,1315
263482,1316
263486,1317
263498,1318
263553,1319
264347,1320
264556,1321
265203,1322
267003,1323
267824,1324
270085,1325
270456,1326
270600,1327
272345,1328
272720,1329
273152,1330
273949,1331
277263,1332
278394,1333
278403,1334
280876,1335
282700,1336
284023,1337
284025,1338
284414,1339
285675,1340
285687,1341
286500,1342
286513,1343
286562,1344
287787,1345
288107,1346
289085,1347
289088,1348
289779,1349
289780,1350
289781,1351
289885,1352
289945,1353
292277,1354
293271,1355
293285,1356
293974,1357
294030,1358
294126,1359
294145,1360
294239,1361
299195,1362
299197,1363
300071,1364
300806,1365
302545,1366
307015,1367
307336,1368
307656,1369
308003,1370
308232,1371
308529,1372
308920,1373
309476,1374
310530,1375
310653,1376
310742,1377
312409,1378
314459,1379
315266,1380
315789,1381
318071,1382
318187,1383
321004,1384
321861,1385
323128,1386
325314,1387
325497,1388
328370,1389
330148,1390
330208,1391
334153,1392
335042,1393
335733,1394
337766,1395
340075,1396
340078,1397
340299,1398
341188,1399
342802,1400
345340,1401
346243,1402
346292,1403
348305,1404
348437,1405
350319,1406
350362,1407
350373,1408
353541,1409
354004,1410
358866,1411
358884,1412
358887,1413
358894,1414
359067,1415
360028,1416
362926,1417
365294,1418
367312,1419
368431,1420
368605,1421
368657,1422
370366,1423
372862,1424
375605,1425
375825,1426
376704,1427
377303,1428
379288,1429
380341,1430
384428,1431
385067,1432
385251,1433
385572,1434
387795,1435
389715,1436
390693,1437
390889,1438
390894,1439
390896,1440
390922,1441
395075,1442
395540,1443
395547,1444
395553,1445
395725,1446
396412,1447
397488,1448
397590,1449
399173,1450
399339,1451
399370,1452
400356,1453
400455,1454
400473,1455
408885,1456
409255,1457
409725,1458
411005,1459
411092,1460
415693,1461
416455,1462
416867,1463
416964,1464
417017,1465
421481,1466
423463,1467
423816,1468
424540,1469
427606,1470
428610,1471
429781,1472
429805,1473
430329,1474
430574,1475
430711,1476
431206,1477
436796,1478
440815,1479
444191,1480
444240,1481
445938,1482
446271,1483
446610,1484
447224,1485
447250,1486
449841,1487
458439,1488
459206,1489
459213,1490
459214,1491
459216,1492
463825,1493
466170,1494
467383,1495
469504,1496
470511,1497
481073,1498
486840,1499
502574,1500
503871,1501
503877,1502
503883,1503
503893,1504
509233,1505
509315,1506
509379,1507
510715,1508
510718,1509
513189,1510
519318,1511
519353,1512
520471,1513
521183,1514
521207,1515
521251,1516
521252,1517
521269,1518
521855,1519
522338,1520
523010,1521
523394,1522
523574,1523
529165,1524
531348,1525
531351,1526
545647,1527
552469,1528
559804,1529
560936,1530
561238,1531
561364,1532
561568,1533
561581,1534
561582,1535
561593,1536
561595,1537
561610,1538
561611,1539
561613,1540
561674,1541
561789,1542
561809,1543
562067,1544
562123,1545
562940,1546
563613,1547
566488,1548
566653,1549
566664,1550
567005,1551
567018,1552
568045,1553
568857,1554
573535,1555
573553,1556
573964,1557
573978,1558
574009,1559
574264,1560
574462,1561
574710,1562
575077,1563
575292,1564
575331,1565
575402,1566
575795,1567
576257,1568
576362,1569
576691,1570
576725,1571
576795,1572
576973,1573
577086,1574
577227,1575
577331,1576
578306,1577
578309,1578
578337,1579
578347,1580
578365,1581
578645,1582
578646,1583
578649,1584
578650,1585
578669,1586
578780,1587
578845,1588
578898,1589
579008,1590
579108,1591
582139,1592
582343,1593
582349,1594
582511,1595
583318,1596
589923,1597
590022,1598
591016,1599
591017,1600
592826,1601
592830,1602
592973,1603
592975,1604
592986,1605
592993,1606
592996,1607
593022,1608
593060,1609
593068,1610
593091,1611
593104,1612
593105,1613
593155,1614
593201,1615
593209,1616
593210,1617
593240,1618
593248,1619
593260,1620
593328,1621
593329,1622
593544,1623
593559,1624
593560,1625
593813,1626
593859,1627
593921,1628
593942,1629
594011,1630
594025,1631
594039,1632
594047,1633
594119,1634
594387,1635
594483,1636
594511,1637
594543,1638
594649,1639
594900,1640
595056,1641
595063,1642
595157,1643
595193,1644
596075,1645
601462,1646
601561,1647
601567,1648
604073,1649
606479,1650
606647,1651
608190,1652
608191,1653
608292,1654
608326,1655
610529,1656
612306,1657
613409,1658
616336,1659
617378,1660
617575,1661
621555,1662
626530,1663
626531,1664
626574,1665
626999,1666
627024,1667
628458,1668
628459,1669
628500,1670
628667,1671
628668,1672
628751,1673
628764,1674
628766,1675
628815,1676
628888,1677
630817,1678
630890,1679
631015,1680
631052,1681
632796,1682
632874,1683
632935,1684
633030,1685
633031,1686
633081,1687
633585,1688
633721,1689
634902,1690
634904,1691
634938,1692
634975,1693
636098,1694
636500,1695
636511,1696
640617,1697
641956,1698
641976,1699
642593,1700
642621,1701
642641,1702
642681,1703
642798,1704
642827,1705
642847,1706
642894,1707
642920,1708
642930,1709
643003,1710
643069,1711
643199,1712
643221,1713
643239,1714
643485,1715
643597,1716
643695,1717
643734,1718
643735,1719
643777,1720
644093,1721
644334,1722
644361,1723
644363,1724
644427,1725
644441,1726
644448,1727
644470,1728
644494,1729
644577,1730
644843,1731
645016,1732
645046,1733
645084,1734
645088,1735
645452,1736
645571,1737
645870,1738
645897,1739
646195,1740
646286,1741
646289,1742
646334,1743
646357,1744
646412,1745
646440,1746
646809,1747
646836,1748
646837,1749
646900,1750
646913,1751
647315,1752
647408,1753
647413,1754
647447,1755
648106,1756
648112,1757
648121,1758
648232,1759
648369,1760
649730,1761
649731,1762
649739,1763
649944,1764
650807,1765
650814,1766
650834,1767
653441,1768
653628,1769
654177,1770
654326,1771
654339,1772
654519,1773
656048,1774
656231,1775
662250,1776
662279,1777
662416,1778
662572,1779
671052,1780
671269,1781
671293,1782
672064,1783
672070,1784
672071,1785
675649,1786
675756,1787
675847,1788
682508,1789
682666,1790
682815,1791
683294,1792
683355,1793
683360,1794
683404,1795
684372,1796
684531,1797
684972,1798
684986,1799
686015,1800
686030,1801
686061,1802
686532,1803
686559,1804
687401,1805
688361,1806
688824,1807
688849,1808
689152,1809
689439,1810
693143,1811
694759,1812
695284,1813
696342,1814
696343,1815
696345,1816
696346,1817
703953,1818
708945,1819
709113,1820
709518,1821
711527,1822
711598,1823
711994,1824
714208,1825
714256,1826
714260,1827
714289,1828
714748,1829
714879,1830
714975,1831
733167,1832
733534,1833
733576,1834
734406,1835
735303,1836
735311,1837
737204,1838
738941,1839
739280,1840
739707,1841
739816,1842
746058,1843
751408,1844
752684,1845
753047,1846
753070,1847
753264,1848
753265,1849
754594,1850
755082,1851
755217,1852
756061,1853
762980,1854
763009,1855
763010,1856
763181,1857
767763,1858
779960,1859
782486,1860
785678,1861
787016,1862
801170,1863
814836,1864
815073,1865
815096,1866
817774,1867
820661,1868
820662,1869
824245,1870
851968,1871
853114,1872
853115,1873
853116,1874
853118,1875
853150,1876
853155,1877
854434,1878
884094,1879
892139,1880
899085,1881
899119,1882
907845,1883
911198,1884
917493,1885
919885,1886
928873,1887
943087,1888
948147,1889
948299,1890
948846,1891
949217,1892
949318,1893
949511,1894
950052,1895
950305,1896
950986,1897
954315,1898
964248,1899
975567,1900
976284,1901
976334,1902
987188,1903
987197,1904
989397,1905
990075,1906
1000012,1907
1022969,1908
1031453,1909
1050679,1910
1059953,1911
1061127,1912
1063773,1913
1071981,1914
1095507,1915
1102364,1916
1102400,1917
1102407,1918
1102442,1919
1102548,1920
1102550,1921
1102567,1922
1102625,1923
1102646,1924
1102751,1925
1102761,1926
1102794,1927
1102850,1928
1102873,1929
1103016,1930
1103031,1931
1103038,1932
1103162,1933
1103315,1934
1103383,1935
1103394,1936
1103499,1937
1103610,1938
1103676,1939
1103737,1940
1103960,1941
1103969,1942
1103979,1943
1103985,1944
1104007,1945
1104031,1946
1104055,1947
1104182,1948
1104191,1949
1104258,1950
1104261,1951
1104300,1952
1104379,1953
1104435,1954
1104449,1955
1104495,1956
1104647,1957
1104749,1958
1104769,1959
1104787,1960
1104809,1961
1104851,1962
1104946,1963
1104999,1964
1105011,1965
1105033,1966
1105062,1967
1105116,1968
1105148,1969
1105221,1970
1105231,1971
1105344,1972
1105360,1973
1105394,1974
1105428,1975
1105433,1976
1105450,1977
1105505,1978
1105530,1979
1105531,1980
1105574,1981
1105603,1982
1105622,1983
1105672,1984
1105698,1985
1105718,1986
1105764,1987
1105810,1988
1105877,1989
1105887,1990
1105932,1991
1106052,1992
1106103,1993
1106112,1994
1106172,1995
1106236,1996
1106287,1997
1106298,1998
1106330,1999
1106370,2000
1106388,2001
1106401,2002
1106406,2003
1106418,2004
1106492,2005
1106546,2006
1106547,2007
1106568,2008
1106630,2009
1106671,2010
1106764,2011
1106771,2012
1106789,2013
1106849,2014
1106854,2015
1106966,2016
1107010,2017
1107041,2018
1107062,2019
1107067,2020
1107095,2021
1107136,2022
1107140,2023
1107171,2024
1107215,2025
1107312,2026
1107319,2027
1107325,2028
1107355,2029
1107367,2030
1107385,2031
1107418,2032
1107455,2033
1107558,2034
1107567,2035
1107572,2036
1107674,2037
1107728,2038
1107808,2039
1107861,2040
1108050,2041
1108167,2042
1108169,2043
1108175,2044
1108209,2045
1108258,2046
1108267,2047
1108329,2048
1108363,2049
1108389,2050
1108551,2051
1108570,2052
1108597,2053
1108656,2054
1108728,2055
1108834,2056
1108841,2057
1109017,2058
1109185,2059
1109199,2060
1109208,2061
1109392,2062
1109439,2063
1109542,2064
1109566,2065
1109581,2066
1109830,2067
1109873,2068
1109891,2069
1109957,2070
1110000,2071
1110024,2072
1110028,2073
1110209,2074
1110256,2075
1110390,2076
1110426,2077
1110438,2078
1110494,2079
1110515,2080
1110520,2081
1110531,2082
1110546,2083
1110563,2084
1110579,2085
1110628,2086
1110768,2087
1110947,2088
1110950,2089
1110998,2090
1111052,2091
1111186,2092
1111230,2093
1111240,2094
1111265,2095
1111304,2096
1111614,2097
1111733,2098
1111788,2099
1111899,2100
1111978,2101
1112026,2102
1112071,2103
1112075,2104
1112099,2105
1112106,2106
1112194,2107
1112319,2108
1112369,2109
1112417,2110
1112426,2111
1112574,2112
1112650,2113
1112665,2114
1112686,2115
1112723,2116
1112767,2117
1112911,2118
1112929,2119
1113035,2120
1113084,2121
1113182,2122
1113438,2123
1113459,2124
1113534,2125
1113541,2126
1113551,2127
1113614,2128
1113739,2129
1113742,2130
1113828,2131
1113831,2132
1113852,2133
1113926,2134
1113934,2135
1113995,2136
1114118,2137
1114125,2138
1114153,2139
1114184,2140
1114192,2141
1114222,2142
1114239,2143
1114331,2144
1114336,2145
1114352,2146
1114364,2147
1114388,2148
1114398,2149
1114442,2150
1114502,2151
1114512,2152
1114526,2153
1114605,2154
1114629,2155
1114664,2156
1114777,2157
1114838,2158
1114864,2159
1114992,2160
1115166,2161
1115291,2162
1115375,2163
1115456,2164
1115471,2165
1115670,2166
1115677,2167
1115701,2168
1115790,2169
1115886,2170
1115959,2171
1116044,2172
1116146,2173
1116181,2174
1116268,2175
1116328,2176
1116336,2177
1116347,2178
1116397,2179
1116410,2180
1116530,2181
1116569,2182
1116594,2183
1116629,2184
1116835,2185
1116839,2186
1116842,2187
1116922,2188
1116974,2189
1117049,2190
1117089,2191
1117184,2192
1117219,2193
1117249,2194
1117348,2195
1117476,2196
1117501,2197
1117618,2198
1117653,2199
1117760,2200
1117786,2201
1117833,2202
1117920,2203
1117942,2204
1118017,2205
1118083,2206
1118092,2207
1118120,2208
1118209,2209
1118245,2210
1118286,2211
1118302,2212
1118332,2213
1118347,2214
1118388,2215
1118546,2216
1118658,2217
1118764,2218
1118823,2219
1118848,2220
1119004,2221
1119078,2222
1119140,2223
1119178,2224
1119180,2225
1119211,2226
1119216,2227
1119295,2228
1119471,2229
1119505,2230
1119623,2231
1119654,2232
1119671,2233
1119708,2234
1119742,2235
1119751,2236
1119987,2237
1120019,2238
1120020,2239
1120049,2240
1120059,2241
1120084,2242
1120138,2243
1120169,2244
1120170,2245
1120197,2246
1120211,2247
1120252,2248
1120431,2249
1120444,2250
1120563,2251
1120643,2252
1120650,2253
1120713,2254
1120731,2255
1120777,2256
1120786,2257
1120858,2258
1120866,2259
1120880,2260
1120962,2261
1121057,2262
1121063,2263
1121176,2264
1121254,2265
1121313,2266
1121398,2267
1121459,2268
1121537,2269
1121569,2270
1121603,2271
1121659,2272
1121739,2273
1121867,2274
1122304,2275
1122425,2276
1122460,2277
1122574,2278
1122580,2279
1122642,2280
1122704,2281
1123068,2282
1123087,2283
1123093,2284
1123188,2285
1123215,2286
1123239,2287
1123493,2288
1123530,2289
1123553,2290
1123576,2291
1123689,2292
1123756,2293
1123867,2294
1123926,2295
1123991,2296
1124837,2297
1124844,2298
1125082,2299
1125092,2300
1125258,2301
1125386,2302
1125393,2303
1125402,2304
1125467,2305
1125469,2306
1125492,2307
1125597,2308
1125895,2309
1125906,2310
1125909,2311
1125944,2312
1125953,2313
1125992,2314
1125993,2315
1126011,2316
1126012,2317
1126029,2318
1126037,2319
1126044,2320
1126050,2321
1126315,2322
1126350,2323
1126503,2324
1127430,2325
1127530,2326
1127541,2327
1127551,2328
1127558,2329
1127566,2330
1127619,2331
1127657,2332
1127810,2333
1127812,2334
1127851,2335
1127863,2336
1127913,2337
1128151,2338
1128198,2339
1128201,2340
1128204,2341
1128208,2342
1128227,2343
1128256,2344
1128267,2345
1128291,2346
1128314,2347
1128319,2348
1128369,2349
1128407,2350
1128425,2351
1128430,2352
1128437,2353
1128453,2354
1128531,2355
1128536,2356
1128542,2357
1128839,2358
1128846,2359
1128853,2360
1128856,2361
1128868,2362
1128881,2363
1128927,2364
1128935,2365
1128943,2366
1128945,2367
1128946,2368
1128959,2369
1128974,2370
1128975,2371
1128977,2372
1128978,2373
1128982,2374
1128985,2375
1128990,2376
1128997,2377
1129015,2378
1129018,2379
1129021,2380
1129027,2381
1129040,2382
1129096,2383
1129106,2384
1129111,2385
1129208,2386
1129243,2387
1129367,2388
1129368,2389
1129369,2390
1129442,2391
1129443,2392
1129494,2393
1129518,2394
1129570,2395
1129572,2396
1129573,2397
1129608,2398
1129610,2399
1129621,2400
1129629,2401
1129683,2402
1129778,2403
1129798,2404
1129835,2405
1129907,2406
1129994,2407
1130069,2408
1130080,2409
1130243,2410
1130356,2411
1130454,2412
1130539,2413
1130567,2414
1130568,2415
1130586,2416
1130600,2417
1130634,2418
1130637,2419
1130653,2420
1130657,2421
1130676,2422
1130678,2423
1130680,2424
1130780,2425
1130808,2426
1130847,2427
1130856,2428
1130915,2429
1130927,2430
1130929,2431
1130931,2432
1130934,2433
1131116,2434
1131137,2435
1131149,2436
1131150,2437
1131163,2438
1131164,2439
1131165,2440
1131167,2441
1131172,2442
1131180,2443
1131184,2444
1131189,2445
1131192,2446
1131195,2447
1131198,2448
1131223,2449
1131230,2450
1131236,2451
1131257,2452
1131258,2453
1131266,2454
1131267,2455
1131270,2456
1131274,2457
1131277,2458
1131300,2459
1131301,2460
1131305,2461
1131312,2462
1131314,2463
1131330,2464
1131334,2465
1131335,2466
1131345,2467
1131348,2468
1131359,2469
1131360,2470
1131374,2471
1131414,2472
1131420,2473
1131421,2474
1131464,2475
1131466,2476
1131471,2477
1131549,2478
1131550,2479
1131557,2480
1131565,2481
1131607,2482
1131611,2483
1131634,2484
1131639,2485
1131647,2486
1131719,2487
1131728,2488
1131734,2489
1131741,2490
1131745,2491
1131748,2492
1131752,2493
1131754,2494
1131828,2495
1132073,2496
1132083,2497
1132157,2498
1132285,2499
1132385,2500
1132406,2501
1132416,2502
1132418,2503
1132434,2504
1132443,2505
1132459,2506
1132461,2507
1132486,2508
1132505,2509
1132706,2510
1132731,2511
1132809,2512
1132815,2513
1132857,2514
1132864,2515
1132887,2516
1132922,2517
1132948,2518
1132968,2519
1133004,2520
1133008,2521
1133010,2522
1133028,2523
1133047,2524
1133196,2525
1133338,2526
1133390,2527
1133417,2528
1133428,2529
1133469,2530
1133846,2531
1133930,2532
1134022,2533
1134031,2534
1134056,2535
1134197,2536
1134320,2537
1134346,2538
1134348,2539
1134865,2540
1135082,2541
1135108,2542
1135115,2543
1135122,2544
1135125,2545
1135137,2546
1135345,2547
1135358,2548
1135368,2549
1135455,2550
1135589,2551
1135746,2552
1135750,2553
1135894,2554
1135899,2555
1135955,2556
1136040,2557
1136110,2558
1136310,2559
1136342,2560
1136393,2561
1136397,2562
1136422,2563
1136442,2564
1136446,2565
1136447,2566
1136449,2567
1136631,2568
1136634,2569
1136791,2570
1136814,2571
1137140,2572
1137466,2573
1138027,2574
1138043,2575
1138091,2576
1138619,2577
1138755,2578
1138968,2579
1138970,2580
1139009,2581
1139195,2582
1139928,2583
1140040,2584
1140230,2585
1140231,2586
1140289,2587
1140543,2588
1140547,2589
1140548,2590
1152075,2591
1152143,2592
1152150,2593
1152162,2594
1152179,2595
1152194,2596
1152244,2597
1152259,2598
1152272,2599
1152277,2600
1152290,2601
1152307,2602
1152308,2603
1152358,2604
1152379,2605
1152394,2606
1152421,2607
1152436,2608
1152448,2609
1152490,2610
1152508,2611
1152564,2612
1152569,2613
1152633,2614
1152663,2615
1152673,2616
1152676,2617
1152711,2618
1152714,2619
1152740,2620
1152761,2621
1152821,2622
1152858,2623
1152859,2624
1152896,2625
1152904,2626
1152910,2627
1152917,2628
1152944,2629
1152958,2630
1152959,2631
1152975,2632
1152991,2633
1153003,2634
1153014,2635
1153024,2636
1153031,2637
1153056,2638
1153064,2639
1153065,2640
1153091,2641
1153097,2642
1153101,2643
1153106,2644
1153148,2645
1153150,2646
1153160,2647
1153166,2648
1153169,2649
1153183,2650
1153195,2651
1153254,2652
1153262,2653
1153264,2654
1153275,2655
1153280,2656
1153287,2657
1153577,2658
1153703,2659
1153724,2660
1153728,2661
1153736,2662
1153784,2663
1153786,2664
1153811,2665
1153816,2666
1153853,2667
1153860,2668
1153861,2669
1153866,2670
1153877,2671
1153879,2672
1153889,2673
1153891,2674
1153896,2675
1153897,2676
1153899,2677
1153900,2678
1153922,2679
1153933,2680
1153942,2681
1153943,2682
1153945,2683
1153946,2684
1154012,2685
1154042,2686
1154068,2687
1154071,2688
1154074,2689
1154076,2690
1154103,2691
1154123,2692
1154124,2693
1154169,2694
1154173,2695
1154176,2696
1154229,2697
1154230,2698
1154232,2699
1154233,2700
1154251,2701
1154276,2702
1154459,2703
1154500,2704
1154520,2705
1154524,2706
1154525,2707
1155073,2708
