sourceID,targetID,edgeType
1,1504,type1
1,2118,type1
1,1503,type1
1,2428,type1
1,1558,type1
1,1197,type1
1,1561,type1
1,807,type1
1,2403,type1
1,1470,type1
1,1603,type1
1,1862,type1
1,489,type1
1,2367,type1
1,1435,type1
1,1812,type1
1,1318,type1
1,1029,type1
1,2703,type1
1,1291,type1
1,1288,type1
1,1011,type1
1,818,type1
1,1613,type1
1,2573,type1
1,1345,type2
1,721,type2
1,1575,type2
1,1693,type2
1,2470,type2
1,14,type2
1,2234,type2
1,423,type2
1,881,type2
1,1691,type2
1,400,type2
1,1590,type2
1,1367,type2
1,1306,type2
1,2343,type2
1,1618,type2
1,998,type2
1,1510,type2
1,1557,type2
1,1305,type2
1,1499,type2
1,738,type2
1,525,type2
1,1145,type2
1,1055,type2
1,558,type2
1,643,type2
1,43,type2
1,1251,type2
1,2381,type2
1,606,type2
1,1697,type2
1,2696,type2
1,1200,type2
1,2480,type2
1,585,type2
1,828,type3
1,804,type3
1,1559,type3
1,241,type3
1,2302,type3
1,2354,type3
1,2682,type3
1,499,type3
1,1315,type3
1,2402,type3
1,1755,type3
1,1572,type3
1,907,type3
1,1563,type3
1,739,type3
1,2337,type3
1,22,type3
1,654,type3
1,2525,type3
1,1910,type3
1,1944,type3
1,2397,type3
1,446,type3
1,1461,type3
1,1863,type3
1,1587,type3
1,1633,type3
1,282,type3
1,2656,type3
1,312,type3
1,2658,type3
1,2667,type3
1,2526,type3
1,2132,type3
1,1394,type3
1,1349,type3
1,1350,type3
1,581,type3
1,1655,type3
1,1201,type3
1,1213,type3
1,2607,type3
1,2325,type3
1,1571,type3
1,906,type3
1,1836,type3
1,1564,type3
1,2293,type3
1,1941,type3
1,2230,type3
1,1074,type3
1,714,type4
1,584,type4
1,2427,type4
1,1342,type4
1,1747,type4
1,2249,type4
1,1638,type4
1,1054,type4
1,1351,type4
1,32,type4
1,1749,type4
1,1256,type4
1,2571,type4
1,2611,type4
1,2144,type4
1,1753,type4
1,1322,type4
1,1565,type4
1,791,type4
1,2375,type4
1,1299,type4
1,2434,type4
1,1626,type4
1,1639,type4
1,884,type4
1,1531,type4
1,2341,type4
1,823,type4
1,1554,type4
1,2123,type4
1,1690,type4
1,951,type4
1,1620,type4
1,644,type4
1,1174,type4
1,713,type4
1,1218,type4
1,1611,type4
1,1136,type4
1,488,type4
1,2379,type4
1,1640,type4
1,1176,type4
1,1560,type4
1,2060,type4
1,2640,type4
1,2196,type4
1,2369,type4
1,1692,type4
1,1330,type4
1,572,type4
1,187,type4
1,2493,type4
1,2347,type4
2,951,type1
2,2058,type2
2,2150,type3
3,114,type1
3,173,type1
3,2210,type1
3,2213,type1
3,117,type1
3,2204,type2
3,1902,type2
3,127,type2
3,542,type2
3,415,type2
3,847,type2
3,168,type3
3,706,type3
3,2138,type3
3,6,type3
3,1034,type3
3,433,type3
3,2003,type3
3,425,type3
3,1934,type3
3,1974,type3
3,119,type3
3,1186,type3
3,978,type3
3,5,type3
3,2245,type3
3,668,type3
3,526,type3
3,1994,type3
3,422,type3
3,2318,type4
3,369,type4
3,1399,type4
3,435,type4
3,2033,type4
3,1995,type4
3,1179,type4
3,428,type4
3,1852,type4
3,10,type4
3,2091,type4
3,651,type4
4,1170,type1
4,123,type2
4,526,type2
4,421,type2
4,775,type2
4,428,type3
4,542,type3
4,2066,type3
4,433,type3
4,1212,type4
4,479,type4
4,414,type4
4,1078,type4
4,478,type4
4,117,type4
4,1399,type4
4,302,type4
5,335,type3
5,542,type4
5,847,type4
5,2138,type4
6,542,type3
6,263,type3
6,1401,type4
8,2207,type1
8,515,type4
9,1238,type2
9,2545,type3
9,599,type4
10,1323,type4
11,667,type4
12,838,type3
12,13,type4
12,1916,type4
12,2113,type4
13,1916,type2
13,2006,type3
13,838,type4
14,351,type1
14,1902,type1
14,831,type2
14,2096,type2
14,525,type2
14,432,type2
14,1362,type3
14,2128,type3
14,208,type3
14,124,type3
14,941,type3
14,327,type3
14,1363,type3
14,1021,type4
14,1641,type4
14,2118,type4
14,1966,type4
14,122,type4
14,707,type4
14,302,type4
14,1128,type4
14,1392,type4
14,1110,type4
14,1322,type4
14,241,type4
14,112,type4
14,503,type4
15,2562,type2
15,16,type3
15,495,type3
15,2584,type4
15,2146,type4
15,1972,type4
15,1943,type4
16,1279,type1
16,1786,type1
16,2081,type1
16,564,type1
16,2385,type1
16,421,type1
16,1005,type2
16,1979,type2
16,2258,type2
16,2056,type2
16,1478,type2
16,1108,type2
16,2277,type2
16,1568,type2
16,2320,type2
16,2596,type2
16,244,type3
16,458,type3
16,1972,type3
16,2220,type3
16,1852,type3
16,1248,type3
16,603,type3
16,728,type3
16,509,type3
16,1796,type3
16,247,type3
16,1953,type3
16,1397,type3
16,1396,type4
16,2584,type4
16,105,type4
16,239,type4
16,1696,type4
16,495,type4
16,669,type4
16,861,type4
16,2546,type4
16,2182,type4
16,107,type4
16,2137,type4
17,43,type1
17,2100,type2
17,532,type3
17,81,type3
17,1215,type3
17,2017,type3
17,58,type4
17,1002,type4
18,81,type2
18,419,type2
18,333,type2
19,333,type1
19,1002,type3
19,419,type3
19,81,type4
19,18,type4
20,2625,type3
20,81,type4
20,845,type4
21,23,type1
21,1921,type2
21,2683,type4
21,2404,type4
21,1971,type4
22,23,type1
22,2019,type3
23,2683,type2
24,23,type2
24,2080,type3
24,2019,type4
25,2707,type2
25,1458,type4
25,184,type4
26,1917,type2
26,903,type3
26,1061,type4
26,1994,type4
27,1917,type1
27,659,type2
27,561,type3
27,110,type4
27,1945,type4
28,2294,type1
28,825,type1
28,2386,type1
28,1599,type1
28,1923,type2
28,1299,type2
28,640,type2
28,1694,type2
28,2042,type2
28,152,type2
28,937,type2
28,313,type2
28,340,type2
28,455,type2
28,712,type2
28,2344,type3
28,826,type3
28,2261,type3
28,1513,type3
28,1339,type3
28,1528,type3
28,1100,type4
28,153,type4
28,454,type4
28,1481,type4
28,1530,type4
28,882,type4
28,394,type4
28,855,type4
28,2545,type4
28,2548,type4
28,1180,type4
29,2417,type1
29,2563,type1
29,2148,type1
29,1160,type1
29,1478,type1
29,1048,type1
29,2519,type1
29,2358,type1
29,2694,type2
29,2178,type2
29,2139,type2
29,1997,type2
29,2492,type2
29,1670,type2
29,1759,type2
29,2079,type2
29,1895,type2
29,821,type2
29,815,type2
29,1161,type2
29,359,type2
29,370,type2
29,2392,type2
29,1893,type2
29,1918,type2
29,1110,type2
29,1398,type2
29,1860,type3
29,1762,type3
29,1530,type3
29,740,type3
29,2146,type3
29,1876,type3
29,2199,type3
29,2517,type3
29,787,type3
29,372,type3
29,1129,type3
29,1896,type3
29,2090,type3
29,1396,type3
29,1269,type3
29,2549,type3
29,1098,type3
29,853,type3
29,1894,type3
29,2546,type3
29,2136,type3
29,163,type3
29,545,type4
29,2223,type4
29,1909,type4
29,2041,type4
29,2564,type4
29,371,type4
29,2183,type4
29,165,type4
29,2247,type4
29,609,type4
29,2154,type4
29,842,type4
29,1157,type4
29,1967,type4
29,1390,type4
29,1890,type4
29,973,type4
29,2592,type4
29,390,type4
29,2486,type4
29,2491,type4
29,2259,type4
29,1545,type4
29,2622,type4
29,1891,type4
31,2674,type1
31,2159,type1
31,1518,type2
31,2228,type2
31,1992,type3
31,2251,type3
31,1204,type4
31,2192,type4
31,2097,type4
31,1450,type4
31,2047,type4
31,1515,type4
31,93,type4
31,1922,type4
31,2135,type4
31,263,type4
32,33,type1
32,2571,type1
32,2640,type2
32,2470,type2
32,1571,type2
32,2533,type2
32,1754,type2
32,1812,type3
32,738,type3
32,1084,type3
32,2526,type4
32,818,type4
32,572,type4
32,543,type4
32,1944,type4
33,543,type1
34,2162,type1
34,2542,type2
34,1832,type3
34,2177,type3
34,621,type4
35,505,type1
36,2151,type4
37,2066,type3
37,2050,type4
38,999,type3
38,62,type4
39,60,type3
40,38,type2
40,2025,type3
40,62,type4
40,2100,type4
41,2648,type1
41,38,type2
41,2660,type2
41,2661,type4
42,2076,type2
42,931,type3
42,2302,type3
42,43,type4
43,2643,type3
43,892,type3
43,811,type3
43,36,type3
43,1317,type3
43,2100,type4
43,2212,type4
43,2646,type4
44,531,type2
44,808,type2
44,61,type3
44,1128,type3
44,761,type3
44,1215,type3
44,2625,type4
44,1375,type4
44,2661,type4
44,892,type4
45,2064,type3
45,613,type3
45,2063,type3
45,75,type3
45,159,type3
45,1091,type3
45,1004,type4
45,2051,type4
45,1919,type4
46,2282,type2
46,535,type2
46,2477,type2
46,142,type3
46,1919,type4
47,2023,type1
47,1090,type2
47,2413,type3
47,2133,type3
47,550,type4
47,767,type4
47,203,type4
48,2253,type1
48,2001,type1
48,1600,type1
48,1079,type1
48,616,type1
48,1599,type2
48,1907,type2
48,374,type3
48,313,type3
48,2051,type3
48,2331,type3
48,2021,type3
48,615,type3
48,2077,type3
48,2152,type3
48,2228,type4
48,394,type4
48,2201,type4
48,1035,type4
48,756,type4
48,613,type4
48,152,type4
48,153,type4
48,1225,type4
48,1037,type4
48,703,type4
48,614,type4
48,2652,type4
48,1593,type4
48,1912,type4
49,1120,type1
49,443,type1
49,110,type2
49,2236,type2
49,1947,type2
49,1407,type2
49,900,type2
49,671,type3
49,711,type3
49,2175,type3
49,2218,type3
49,919,type4
49,91,type4
49,2187,type4
49,1136,type4
49,2591,type4
49,1199,type4
49,1385,type4
50,2078,type1
50,1962,type1
50,1222,type2
50,2009,type2
50,2295,type2
50,2040,type3
50,639,type3
50,1199,type3
50,2187,type3
50,2591,type3
50,1493,type4
50,399,type4
50,2274,type4
51,1844,type1
51,1814,type1
51,885,type2
51,2555,type2
51,2422,type2
51,2163,type2
51,2585,type2
51,1443,type2
51,1266,type4
51,2518,type4
51,1817,type4
51,1580,type4
51,1816,type4
51,2482,type4
51,1336,type4
51,1254,type4
51,2426,type4
52,2233,type4
53,1579,type1
53,1254,type1
53,2281,type2
53,1443,type2
53,1578,type2
53,1268,type2
53,2519,type2
53,2426,type3
53,1816,type3
53,1855,type3
53,1210,type3
53,1817,type3
53,568,type3
53,2518,type3
53,885,type3
53,1678,type4
53,1981,type4
53,51,type4
53,2422,type4
53,2508,type4
53,1592,type4
53,2120,type4
53,1577,type4
53,2163,type4
53,2482,type4
53,1580,type4
53,1844,type4
53,1681,type4
54,2246,type4
54,2043,type4
54,1400,type4
54,56,type4
55,1108,type1
55,2520,type1
55,2120,type2
55,54,type2
55,2043,type2
55,2141,type2
55,56,type3
55,2041,type3
55,1496,type3
55,1302,type3
55,2287,type3
55,1400,type3
55,2258,type4
55,107,type4
55,2206,type4
55,103,type4
55,886,type4
56,2141,type1
56,54,type2
56,1400,type4
56,886,type4
56,1302,type4
57,1445,type1
57,234,type3
57,752,type3
57,2256,type4
58,482,type2
58,2024,type3
58,1300,type4
59,811,type3
59,283,type3
59,1245,type3
59,97,type3
59,457,type4
59,1446,type4
60,1239,type3
60,930,type3
60,931,type4
60,811,type4
61,40,type1
61,38,type3
61,62,type3
61,1000,type4
61,1996,type4
62,932,type1
62,931,type2
62,930,type3
62,744,type4
63,789,type1
63,38,type2
63,2612,type2
63,788,type3
63,932,type4
63,909,type4
63,931,type4
63,1497,type4
64,1003,type1
64,1335,type1
64,101,type1
64,2071,type2
64,1004,type3
65,1113,type2
65,1532,type2
65,1003,type2
65,1044,type2
65,1377,type3
65,1004,type3
65,66,type3
65,2326,type3
65,2013,type4
65,2455,type4
65,101,type4
65,916,type4
65,1373,type4
65,1467,type4
65,1705,type4
66,1467,type1
66,1705,type1
66,1377,type2
66,916,type2
66,101,type3
66,65,type4
66,1003,type4
66,1532,type4
67,1907,type3
67,1270,type3
67,829,type3
67,712,type3
67,1121,type4
68,141,type1
68,139,type1
68,2005,type2
68,719,type2
68,2654,type2
68,2601,type2
68,2244,type2
68,2237,type3
68,500,type3
68,614,type3
68,1332,type3
68,1465,type3
68,2077,type3
68,157,type4
68,1159,type4
69,2510,type1
69,2488,type2
69,972,type2
69,2167,type2
69,1070,type2
69,2314,type2
69,2352,type3
69,741,type3
69,516,type3
69,534,type4
69,1473,type4
69,1402,type4
69,1770,type4
69,1121,type4
69,2418,type4
69,554,type4
69,186,type4
70,2142,type2
70,1940,type2
70,2498,type3
70,1899,type3
70,1120,type3
70,2435,type4
71,2646,type1
71,2643,type3
71,1121,type4
71,2498,type4
71,1120,type4
72,290,type1
72,1894,type1
72,1166,type1
72,805,type1
72,2056,type1
72,2616,type1
72,2430,type1
72,1890,type1
72,2309,type1
72,2008,type2
72,2062,type2
72,1013,type2
72,410,type2
72,603,type2
72,753,type2
72,1986,type2
72,484,type2
72,1480,type2
72,1098,type2
72,469,type2
72,1441,type2
72,848,type2
72,1447,type2
72,2694,type2
72,2432,type2
72,964,type3
72,510,type3
72,1910,type3
72,638,type3
72,689,type3
72,2358,type3
72,2503,type3
72,888,type3
72,2429,type3
72,508,type3
72,502,type4
72,1699,type4
72,1486,type4
72,382,type4
72,2587,type4
72,391,type4
72,371,type4
72,875,type4
72,158,type4
72,2492,type4
72,2319,type4
72,2117,type4
72,842,type4
72,1886,type4
72,2045,type4
72,2299,type4
72,609,type4
72,2362,type4
72,1941,type4
72,815,type4
72,2600,type4
72,807,type4
72,383,type4
72,2701,type4
72,1771,type4
72,2486,type4
73,2000,type1
73,185,type1
73,345,type1
73,1315,type2
73,1204,type2
73,913,type2
73,132,type2
73,697,type3
73,78,type3
73,383,type3
73,2477,type3
73,534,type3
73,585,type3
73,535,type3
73,696,type3
73,1999,type3
73,1121,type3
73,182,type3
73,1389,type4
73,610,type4
73,2356,type4
73,734,type4
73,1304,type4
73,716,type4
73,2134,type4
73,1926,type4
73,2649,type4
73,1152,type4
73,2020,type4
73,2165,type4
73,1694,type4
73,2302,type4
74,1999,type2
74,1516,type3
74,345,type3
74,2356,type4
74,350,type4
74,2282,type4
74,716,type4
75,1901,type1
75,2305,type2
75,2142,type3
75,716,type3
75,1181,type3
75,1329,type4
75,45,type4
75,1507,type4
75,1940,type4
76,712,type1
76,2142,type2
77,78,type2
77,75,type2
77,1647,type2
77,1121,type4
77,2305,type4
78,1899,type3
79,2082,type1
79,1899,type2
79,75,type3
79,2435,type3
79,516,type4
79,537,type4
80,875,type1
80,1368,type1
80,1947,type2
80,2129,type2
80,1407,type2
80,455,type3
80,1878,type4
80,2088,type4
80,472,type4
80,1420,type4
80,1938,type4
80,454,type4
81,1375,type2
81,1215,type2
81,43,type2
81,2625,type4
82,100,type4
83,2156,type4
83,2222,type4
83,1975,type4
84,418,type2
84,2096,type3
84,1444,type3
84,587,type3
84,1509,type4
84,2087,type4
84,917,type4
85,1438,type1
85,587,type1
85,2146,type1
85,34,type1
85,1849,type2
85,1940,type2
85,2507,type2
85,1892,type2
85,244,type2
85,1955,type2
85,1471,type2
85,1389,type2
85,1080,type2
85,1044,type3
85,1799,type3
85,1445,type3
85,2561,type3
85,2562,type3
85,970,type3
85,742,type3
85,476,type3
85,971,type3
85,521,type3
85,211,type3
85,962,type3
85,2119,type4
85,2542,type4
85,1363,type4
85,84,type4
85,2628,type4
85,2506,type4
85,1939,type4
85,740,type4
85,2063,type4
85,1123,type4
85,505,type4
85,2078,type4
85,2056,type4
86,34,type1
86,1272,type2
86,873,type2
86,477,type2
86,587,type2
86,1952,type3
86,1438,type3
86,1851,type3
86,2265,type3
86,510,type4
86,953,type4
86,2562,type4
86,2559,type4
86,2589,type4
86,686,type4
86,691,type4
87,1920,type3
88,2178,type1
88,515,type2
88,112,type2
88,1921,type2
88,28,type2
88,118,type2
88,1356,type2
88,1161,type3
88,422,type3
88,2414,type3
88,122,type3
88,119,type3
88,2358,type3
88,1186,type3
88,2417,type3
88,1902,type3
88,114,type3
88,1676,type3
88,2239,type4
88,261,type4
88,978,type4
88,1909,type4
88,1123,type4
88,1011,type4
88,262,type4
88,1670,type4
88,2129,type4
88,123,type4
88,421,type4
88,1860,type4
88,121,type4
88,5,type4
89,7,type4
90,1990,type1
90,10,type1
90,183,type1
90,2335,type3
90,1460,type3
90,1487,type4
90,152,type4
90,1031,type4
90,1032,type4
91,1593,type2
91,95,type4
91,1472,type4
91,313,type4
92,7,type1
92,389,type1
92,223,type1
92,2044,type2
92,578,type2
92,902,type3
92,786,type3
92,2112,type3
92,2653,type4
92,1905,type4
92,229,type4
92,1901,type4
92,736,type4
92,1099,type4
93,1922,type3
94,171,type3
96,2274,type2
96,1962,type2
96,2040,type3
96,1120,type3
96,2236,type3
96,1004,type4
97,1515,type2
97,2251,type2
97,98,type3
97,413,type3
97,99,type4
98,2251,type1
98,1328,type3
98,1432,type4
98,2384,type4
98,413,type4
98,2264,type4
98,99,type4
99,98,type3
99,1432,type4
99,2251,type4
100,99,type2
100,2251,type4
100,98,type4
101,797,type1
101,928,type2
101,64,type2
101,1532,type3
101,1985,type3
101,1467,type3
101,1042,type4
101,1003,type4
101,1479,type4
101,65,type4
101,1410,type4
102,1050,type2
102,1013,type2
102,1016,type3
102,2619,type4
102,1015,type4
103,1302,type1
103,54,type2
103,886,type2
103,1884,type2
103,2258,type3
103,2141,type3
103,2287,type4
103,2206,type4
103,2041,type4
103,1046,type4
103,55,type4
103,779,type4
103,1400,type4
103,2519,type4
103,2246,type4
104,2351,type2
104,1981,type2
104,2424,type4
105,970,type1
105,2385,type3
105,16,type3
105,1248,type4
106,482,type2
106,788,type3
106,2202,type3
106,1300,type4
106,1908,type4
107,2081,type4
107,16,type4
108,1082,type2
108,1527,type4
108,1595,type4
108,1923,type4
109,2151,type1
109,1923,type1
109,734,type2
109,2076,type2
109,2040,type3
109,829,type4
109,182,type4
109,2001,type4
110,407,type2
110,2036,type3
110,1433,type4
110,443,type4
110,230,type4
111,2693,type1
111,2692,type2
111,2507,type3
111,1781,type4
111,1788,type4
112,2414,type2
112,123,type2
112,113,type3
112,30,type3
112,2007,type3
112,2029,type4
112,114,type4
112,122,type4
112,1186,type4
113,1362,type3
114,2318,type4
115,1021,type2
115,414,type2
115,2016,type3
115,2129,type3
115,337,type3
115,2091,type4
115,877,type4
115,6,type4
116,2414,type3
116,2003,type3
116,2155,type4
116,166,type4
116,1127,type4
116,335,type4
118,410,type1
118,259,type2
118,2563,type3
118,72,type4
118,210,type4
118,1986,type4
118,1451,type4
118,2255,type4
119,2255,type3
119,802,type3
119,2638,type3
119,668,type4
119,1902,type4
119,428,type4
120,1153,type1
120,1226,type2
120,866,type2
120,959,type2
120,173,type3
120,958,type3
120,190,type3
120,2048,type3
120,435,type3
120,526,type3
120,1123,type4
121,2255,type3
122,127,type1
122,2414,type1
122,2239,type1
122,414,type1
122,526,type1
122,30,type1
122,2016,type1
122,241,type2
122,1186,type2
122,376,type2
122,2200,type2
122,123,type2
122,978,type2
122,2290,type2
122,2276,type2
122,1237,type2
122,2096,type2
122,1362,type2
122,1409,type2
122,1672,type2
122,128,type2
122,847,type2
122,1355,type3
122,263,type3
122,1934,type3
122,508,type3
122,1021,type3
122,2091,type3
122,1641,type3
122,10,type3
122,2029,type3
122,2003,type3
122,435,type3
122,1783,type3
122,668,type3
122,115,type3
122,124,type3
122,121,type3
122,1277,type3
122,1987,type3
122,421,type3
122,2122,type3
122,118,type3
122,2124,type3
122,2048,type3
122,1852,type3
122,1110,type4
122,2345,type4
122,112,type4
122,2204,type4
122,433,type4
122,248,type4
122,2033,type4
122,1451,type4
122,1671,type4
122,337,type4
122,166,type4
122,2178,type4
122,1676,type4
122,1087,type4
122,2070,type4
122,114,type4
122,208,type4
122,5,type4
122,1195,type4
122,2007,type4
122,335,type4
122,299,type4
122,2128,type4
122,415,type4
122,2093,type4
122,2387,type4
122,651,type4
122,2383,type4
122,425,type4
122,1363,type4
123,1451,type1
123,118,type1
123,1995,type1
123,1987,type2
123,369,type2
123,1161,type2
123,431,type2
123,128,type2
123,2620,type2
123,526,type3
123,263,type3
123,2060,type3
123,1401,type3
123,1078,type3
123,869,type3
123,114,type3
123,124,type3
123,421,type3
123,119,type3
123,2417,type3
123,882,type4
123,978,type4
123,136,type4
123,2318,type4
123,2170,type4
123,410,type4
123,852,type4
123,1670,type4
124,128,type3
124,2245,type4
125,2129,type3
125,1902,type4
125,2178,type4
125,1252,type4
125,2290,type4
125,877,type4
127,128,type2
127,1021,type2
127,115,type4
128,1401,type2
128,428,type2
128,115,type4
129,819,type2
129,2411,type2
129,2296,type2
129,207,type2
130,2167,type3
130,1265,type3
130,2159,type4
130,741,type4
131,2262,type2
131,2054,type2
131,344,type3
131,2228,type4
132,2020,type1
132,2175,type1
132,73,type2
132,2659,type3
132,2602,type3
132,345,type3
132,1204,type3
132,2632,type3
132,734,type4
132,2649,type4
132,2609,type4
132,585,type4
132,1481,type4
133,2314,type1
133,1415,type1
133,1517,type3
133,1204,type4
133,1057,type4
134,2114,type2
134,1204,type3
135,2104,type2
135,1993,type4
136,2276,type2
136,434,type2
136,2386,type3
137,136,type2
137,434,type2
137,1790,type2
137,651,type3
137,302,type3
137,1933,type4
137,1880,type4
137,2387,type4
138,1924,type4
139,1143,type1
139,1600,type3
139,946,type4
139,1553,type4
140,1465,type3
140,617,type3
140,197,type4
140,2647,type4
140,1405,type4
140,2419,type4
140,633,type4
140,1460,type4
140,813,type4
141,132,type3
141,154,type3
141,741,type3
141,2250,type3
141,1265,type3
141,2159,type4
141,1993,type4
142,712,type4
143,2094,type2
143,1406,type4
144,1493,type3
144,2282,type4
145,1530,type2
145,1406,type2
145,679,type2
145,505,type2
145,143,type3
145,891,type3
145,2184,type3
145,1545,type4
146,2013,type3
146,1831,type4
147,2195,type1
147,1440,type1
147,1482,type2
147,1357,type3
147,1364,type4
147,2306,type4
147,1102,type4
147,1380,type4
147,521,type4
148,619,type2
148,521,type2
148,1357,type2
148,2265,type2
148,618,type3
148,1440,type4
148,1980,type4
148,2351,type4
149,796,type2
149,242,type2
149,979,type3
149,2285,type3
149,150,type4
149,1477,type4
150,1778,type2
150,1477,type2
150,1319,type3
150,1125,type3
150,2285,type3
150,2593,type4
150,2691,type4
150,2497,type4
150,2193,type4
151,1471,type1
151,2542,type2
151,1477,type2
151,2177,type3
151,85,type3
151,2628,type3
151,34,type3
151,1818,type4
151,1965,type4
151,2450,type4
152,1487,type2
152,2665,type4
153,346,type1
153,1159,type2
153,855,type3
153,2708,type3
153,157,type3
153,1370,type4
154,2217,type3
154,1424,type3
154,661,type4
154,663,type4
154,2153,type4
155,313,type1
155,2253,type2
155,1370,type2
155,2001,type3
155,1907,type3
155,1270,type4
155,896,type4
155,2166,type4
156,2188,type4
157,1424,type3
159,2078,type2
159,2063,type3
159,1386,type3
159,1044,type4
159,641,type4
160,2260,type3
161,277,type1
161,2541,type1
161,1226,type2
161,647,type3
161,52,type4
162,165,type3
162,163,type4
162,2565,type4
162,1857,type4
163,1857,type3
164,1857,type2
165,163,type2
165,1857,type3
165,1856,type3
166,2066,type1
166,2200,type2
166,2210,type3
166,2026,type3
166,1987,type3
166,1399,type4
166,2122,type4
167,867,type2
167,2657,type4
169,170,type1
169,1052,type3
169,800,type4
169,2271,type4
169,1379,type4
169,2642,type4
170,169,type1
170,1052,type2
170,1379,type2
170,2125,type3
170,2642,type3
170,1457,type4
170,2468,type4
171,1381,type4
171,2574,type4
172,2274,type1
172,914,type1
172,1940,type2
172,399,type3
172,534,type4
172,1091,type4
172,1181,type4
174,130,type1
174,1018,type2
174,690,type2
174,616,type2
174,1420,type2
174,2645,type3
174,2670,type3
174,1315,type3
174,2055,type3
174,879,type3
174,2077,type3
174,454,type4
174,2099,type4
174,2355,type4
174,375,type4
174,218,type4
174,139,type4
174,355,type4
174,356,type4
174,2513,type4
174,648,type4
174,1648,type4
174,615,type4
174,712,type4
174,614,type4
175,2241,type3
175,2519,type3
175,53,type4
175,776,type4
175,779,type4
176,1820,type1
176,2707,type2
176,1119,type4
176,1045,type4
177,1257,type2
177,25,type2
177,2512,type3
177,176,type3
177,664,type3
177,1820,type3
177,1149,type4
177,2707,type4
178,513,type1
178,238,type2
178,1136,type4
178,639,type4
178,2175,type4
179,513,type3
179,1136,type3
180,1925,type2
180,524,type2
181,913,type2
181,1925,type4
182,913,type4
182,1925,type4
183,633,type1
183,1500,type2
183,1371,type2
183,1925,type2
183,837,type2
183,1132,type2
183,672,type2
183,1409,type3
183,404,type3
183,631,type3
183,913,type3
183,893,type3
183,2222,type4
183,10,type4
183,1975,type4
184,1458,type1
185,2665,type3
185,1926,type4
186,1926,type4
187,1442,type1
187,907,type1
187,1753,type2
187,2395,type3
187,190,type3
187,1861,type3
187,1654,type3
188,2668,type2
188,1251,type2
188,1957,type2
188,1442,type2
188,2621,type3
188,1197,type4
188,190,type4
188,2300,type4
189,190,type2
189,1442,type3
189,1755,type4
189,1747,type4
189,2252,type4
189,2666,type4
189,1654,type4
190,1654,type2
190,2395,type3
190,2617,type3
190,1442,type4
190,312,type4
191,1938,type3
191,2527,type4
192,901,type1
193,92,type3
193,901,type3
193,192,type4
194,1296,type3
194,1927,type4
195,2425,type2
195,1688,type4
196,2243,type3
196,485,type4
197,1035,type4
197,2634,type4
197,1153,type4
197,1037,type4
197,2413,type4
198,2653,type3
198,445,type4
198,138,type4
199,1103,type1
199,1221,type1
199,305,type1
199,1304,type2
199,1823,type2
199,696,type3
199,940,type3
199,1528,type3
199,73,type3
199,610,type3
199,345,type3
199,535,type3
199,132,type4
199,1694,type4
199,2020,type4
199,2294,type4
199,697,type4
199,825,type4
199,538,type4
200,203,type2
201,226,type1
201,227,type1
201,406,type2
201,981,type2
201,735,type2
201,7,type3
201,1292,type3
201,193,type4
201,2112,type4
201,199,type4
201,280,type4
201,92,type4
201,229,type4
201,729,type4
201,736,type4
202,646,type1
202,1307,type1
202,2145,type2
202,2047,type3
202,204,type3
202,203,type4
202,136,type4
202,2088,type4
202,2254,type4
202,596,type4
203,829,type2
204,2254,type3
204,60,type4
205,1936,type1
205,1216,type1
205,183,type2
205,556,type2
205,937,type3
205,358,type4
206,1928,type1
206,516,type1
206,569,type1
206,2035,type2
206,1192,type2
206,1803,type2
206,2391,type3
206,465,type3
206,463,type3
206,2418,type3
206,464,type4
208,182,type1
208,461,type1
208,1465,type2
208,350,type2
208,1151,type2
208,2135,type3
208,852,type3
208,2548,type3
208,593,type4
208,454,type4
208,1648,type4
208,2088,type4
208,2645,type4
208,126,type4
209,202,type2
209,1225,type2
209,882,type2
209,1647,type2
209,314,type3
209,1295,type4
209,183,type4
209,208,type4
209,10,type4
209,334,type4
209,2704,type4
210,372,type4
210,1929,type4
211,540,type4
212,2487,type1
212,384,type2
212,1185,type2
212,2405,type3
214,217,type4
215,500,type3
215,614,type3
215,2654,type4
215,344,type4
215,2332,type4
215,1234,type4
215,1595,type4
215,213,type4
215,1527,type4
216,2344,type4
217,1220,type2
217,570,type3
217,455,type3
217,214,type3
217,576,type3
218,711,type3
218,797,type4
218,1493,type4
219,2323,type4
220,1076,type4
220,228,type4
221,2035,type2
221,2105,type3
222,89,type3
222,2229,type3
222,1905,type3
223,443,type1
223,1094,type1
223,95,type1
223,711,type2
223,230,type2
223,1374,type3
223,91,type3
223,1385,type3
223,2004,type3
223,2194,type3
223,1911,type3
223,2650,type3
223,1472,type4
223,441,type4
223,1099,type4
223,860,type4
223,1241,type4
223,2218,type4
223,221,type4
223,442,type4
224,392,type3
225,528,type3
225,628,type3
225,2027,type4
225,2035,type4
225,2483,type4
225,2499,type4
225,221,type4
225,2105,type4
226,735,type3
226,935,type3
226,2229,type4
227,220,type1
227,2323,type3
227,228,type3
227,7,type3
227,407,type4
227,864,type4
228,2229,type3
228,232,type4
229,223,type1
229,92,type1
229,110,type3
229,729,type3
229,663,type4
229,786,type4
229,2112,type4
230,221,type4
231,895,type2
231,221,type2
231,2035,type2
231,2105,type3
232,2229,type1
232,1076,type4
234,1892,type2
234,1097,type2
234,2669,type3
234,2610,type3
234,1453,type4
234,2256,type4
234,1445,type4
234,922,type4
234,1228,type4
235,293,type3
235,291,type3
235,289,type4
235,659,type4
235,1446,type4
235,2402,type4
236,753,type2
236,289,type4
237,289,type1
237,1083,type2
237,138,type3
237,2483,type3
237,1100,type3
237,729,type3
237,898,type3
237,342,type3
237,92,type3
237,407,type3
237,110,type3
237,341,type3
237,220,type4
237,735,type4
237,227,type4
237,229,type4
237,225,type4
237,2027,type4
237,1945,type4
238,289,type2
238,1279,type3
238,2484,type3
239,1386,type1
239,1397,type3
239,914,type4
241,1970,type1
241,993,type1
241,700,type1
241,1914,type1
241,654,type2
241,1567,type2
241,423,type2
241,1029,type3
241,813,type3
241,1462,type3
241,652,type3
241,1964,type3
241,1251,type4
241,695,type4
241,2037,type4
241,190,type4
241,2397,type4
241,657,type4
241,1562,type4
242,149,type1
242,243,type2
242,150,type2
242,1778,type3
242,2285,type3
242,796,type4
242,2691,type4
242,2593,type4
243,1319,type2
243,85,type3
243,1778,type3
243,969,type4
243,150,type4
243,149,type4
243,2285,type4
246,1882,type1
247,1108,type3
247,2206,type4
248,299,type3
248,1852,type4
249,2026,type1
249,2255,type2
249,1852,type4
250,251,type4
250,1969,type4
251,1969,type1
251,1010,type3
252,1127,type1
252,251,type3
252,1229,type3
252,1459,type3
252,1412,type3
252,1969,type3
252,1010,type4
253,1010,type3
253,2592,type4
254,302,type4
255,814,type3
255,256,type4
255,257,type4
256,814,type2
256,1903,type4
256,2171,type4
256,967,type4
257,2249,type3
258,257,type1
258,1361,type3
258,2171,type3
258,1903,type4
258,1200,type4
258,967,type4
258,2249,type4
259,28,type1
259,2029,type2
259,2249,type2
259,30,type2
260,2082,type1
260,523,type2
260,524,type4
261,1953,type1
261,262,type2
261,458,type2
261,564,type3
261,819,type4
262,2239,type3
264,263,type2
265,2321,type1
265,337,type4
266,498,type4
267,2234,type1
267,1055,type2
267,2656,type2
267,2604,type2
267,883,type2
267,489,type3
267,880,type3
267,572,type3
267,1748,type3
267,2607,type4
267,2703,type4
268,1930,type3
269,1930,type2
269,1711,type4
270,1942,type1
270,1931,type1
270,757,type2
270,271,type3
270,490,type3
270,273,type4
271,1931,type2
271,2227,type2
271,757,type3
271,273,type4
271,1942,type4
271,490,type4
272,757,type1
272,2227,type1
272,1942,type3
272,271,type3
272,1931,type3
272,273,type4
272,490,type4
273,1931,type1
274,1932,type1
274,2237,type2
274,2159,type3
274,1274,type4
275,681,type1
275,1602,type2
275,1932,type3
275,1991,type3
275,655,type3
275,2603,type4
276,1932,type1
276,277,type4
277,1932,type4
277,1602,type4
278,2094,type3
278,1320,type3
279,1819,type2
279,385,type4
280,786,type1
280,226,type1
280,1945,type1
280,199,type2
280,1217,type2
280,1233,type3
280,2647,type3
280,1241,type3
280,237,type3
280,557,type3
280,663,type3
280,2153,type4
280,192,type4
280,1138,type4
280,839,type4
280,507,type4
280,193,type4
280,201,type4
280,2036,type4
281,507,type2
282,240,type3
283,1139,type1
283,1245,type2
283,2612,type3
283,2674,type3
283,284,type3
283,2215,type4
283,2072,type4
284,2215,type4
284,2173,type4
285,1101,type2
285,1373,type3
285,1166,type4
285,1831,type4
286,66,type1
286,1828,type3
286,1101,type3
286,1522,type4
286,1768,type4
286,2326,type4
287,1164,type1
287,65,type2
287,1373,type2
287,1705,type3
287,66,type3
287,1166,type3
287,2440,type3
287,1522,type3
287,1163,type4
287,1980,type4
287,1101,type4
288,293,type2
288,629,type3
288,1081,type3
288,291,type3
288,1446,type4
288,1474,type4
289,962,type2
290,1982,type4
291,2400,type2
292,293,type3
292,2160,type3
292,1960,type3
292,2320,type3
292,1331,type4
293,292,type4
294,2283,type1
294,238,type2
294,2400,type3
294,293,type3
295,1982,type1
295,1342,type2
295,236,type3
295,1960,type3
295,2240,type3
295,2069,type3
295,915,type3
295,2283,type4
296,1741,type1
296,1722,type1
296,1713,type2
296,1740,type2
296,2441,type3
296,1710,type3
296,2457,type3
296,2462,type4
296,1711,type4
296,1721,type4
296,2451,type4
296,985,type4
297,1711,type2
297,2598,type4
297,2633,type4
298,2210,type1
298,478,type3
298,1156,type3
298,299,type3
298,865,type4
298,2023,type4
298,2317,type4
299,865,type1
299,478,type2
299,2653,type3
299,2614,type3
299,1156,type4
300,2162,type1
300,1335,type1
301,1480,type3
302,1933,type1
302,1880,type2
302,432,type2
302,479,type2
302,2276,type2
302,2386,type3
302,1966,type4
302,1127,type4
302,1790,type4
303,1933,type3
304,1933,type4
305,2603,type2
305,73,type3
305,1386,type3
305,2237,type3
305,538,type3
305,655,type4
306,2022,type1
306,697,type4
307,1284,type2
308,1992,type3
309,1291,type4
310,830,type3
311,1469,type1
311,830,type3
311,2015,type4
313,91,type2
313,1593,type3
313,1907,type4
314,2641,type2
314,313,type3
314,91,type4
315,1526,type2
315,448,type4
315,1525,type4
316,1120,type2
316,835,type2
317,758,type1
318,1131,type3
318,1509,type3
318,953,type3
318,720,type3
318,860,type4
318,911,type4
318,1482,type4
318,2115,type4
318,317,type4
318,1401,type4
318,758,type4
318,798,type4
318,479,type4
319,2044,type1
319,829,type2
319,320,type4
321,2115,type2
321,347,type3
321,2002,type3
322,1508,type3
322,347,type4
323,347,type2
323,1955,type3
324,2276,type1
324,325,type4
324,802,type4
324,1790,type4
326,2620,type2
326,2629,type3
326,325,type4
327,1617,type1
327,831,type3
327,1621,type3
327,1622,type4
328,456,type2
328,2036,type2
328,1802,type3
328,2662,type4
328,245,type4
328,314,type4
329,118,type1
329,1763,type1
329,2150,type1
329,163,type1
329,2320,type1
329,1390,type1
329,1157,type2
329,1855,type2
329,165,type2
329,1276,type2
329,725,type2
329,1889,type2
329,689,type2
329,1681,type3
329,1761,type3
329,977,type3
329,815,type3
329,1895,type3
329,370,type3
329,2139,type4
329,1874,type4
329,1890,type4
329,1997,type4
329,1677,type4
329,609,type4
329,2541,type4
329,2359,type4
329,2475,type4
329,564,type4
329,2546,type4
329,1796,type4
330,1272,type2
330,477,type2
330,546,type4
330,873,type4
330,1010,type4
331,704,type3
331,530,type4
331,846,type4
332,331,type2
332,846,type3
332,845,type4
332,862,type4
333,846,type3
333,20,type4
334,939,type1
334,2053,type1
334,97,type2
334,2157,type2
334,2225,type2
334,1446,type2
334,1549,type2
334,2671,type2
334,2672,type2
334,2420,type3
334,59,type3
334,1064,type3
334,2673,type3
334,2179,type3
334,2576,type3
334,2421,type4
334,2186,type4
334,1548,type4
334,1550,type4
334,846,type4
334,2597,type4
334,457,type4
335,1934,type3
335,2207,type4
336,1934,type1
336,1939,type4
336,2020,type4
337,2016,type1
337,2091,type2
337,166,type3
337,376,type3
337,745,type4
337,1934,type4
337,2033,type4
338,1265,type2
338,2099,type2
338,2219,type2
338,1436,type3
338,130,type3
338,340,type3
338,339,type3
338,2014,type3
339,340,type3
341,2042,type1
341,232,type2
341,389,type3
341,2209,type3
341,981,type3
341,2269,type3
341,864,type3
341,220,type4
341,228,type4
341,342,type4
341,561,type4
342,341,type2
342,864,type2
342,220,type2
342,2042,type3
342,561,type3
342,232,type3
342,219,type3
342,228,type4
342,2269,type4
343,2335,type3
343,1424,type3
346,2708,type3
346,2336,type4
348,1358,type2
348,2181,type3
348,1352,type3
348,2168,type3
348,349,type4
349,2135,type1
349,1358,type2
349,2168,type2
349,1352,type3
349,1515,type4
349,2047,type4
351,2174,type4
352,1644,type1
352,2349,type1
352,2032,type3
352,1282,type3
352,1492,type3
352,1935,type3
352,353,type3
352,1067,type3
352,1613,type3
352,2118,type3
352,1174,type4
353,2032,type3
353,2349,type4
353,1935,type4
353,1644,type4
354,533,type1
354,2017,type1
354,532,type1
354,1375,type2
354,531,type2
354,82,type2
354,1215,type3
354,2350,type3
355,1064,type1
355,2077,type2
355,139,type3
355,614,type3
355,615,type4
355,616,type4
356,2268,type1
356,358,type1
356,357,type2
356,69,type2
356,142,type2
356,512,type3
356,920,type3
356,141,type3
356,921,type3
356,205,type3
356,1936,type3
356,2295,type3
356,2261,type3
356,35,type4
356,856,type4
356,239,type4
356,702,type4
356,1436,type4
356,259,type4
357,1936,type3
357,358,type3
357,205,type4
358,205,type4
358,1936,type4
359,545,type1
359,2084,type4
360,363,type3
361,363,type2
362,2088,type2
362,363,type4
362,2135,type4
364,363,type4
365,2250,type2
365,2030,type2
365,431,type4
366,766,type3
366,367,type4
367,765,type2
367,1024,type2
367,2172,type4
367,1027,type4
367,834,type4
368,557,type2
368,1568,type2
368,546,type4
368,2101,type4
368,1976,type4
369,1992,type1
369,308,type3
369,1123,type4
371,1157,type2
371,372,type2
372,852,type2
372,371,type2
372,1762,type3
372,260,type3
372,2062,type3
372,1235,type3
372,1085,type4
374,394,type2
375,398,type1
375,1460,type2
375,1165,type3
375,817,type3
375,399,type3
375,2639,type3
375,897,type3
375,213,type3
375,356,type4
375,898,type4
375,2645,type4
375,758,type4
375,711,type4
375,218,type4
375,2218,type4
376,2003,type2
376,168,type3
376,2033,type4
377,2095,type2
377,279,type3
377,1887,type4
378,2636,type1
378,1937,type3
378,2006,type4
379,2066,type3
380,1976,type1
380,1272,type1
380,1782,type2
380,1069,type2
380,2000,type2
380,1010,type2
380,1198,type2
380,982,type2
380,2686,type3
380,874,type3
380,368,type3
380,1972,type3
380,330,type3
380,1068,type3
380,848,type3
380,2010,type3
380,797,type3
380,1955,type4
380,2596,type4
380,409,type4
380,698,type4
380,710,type4
380,546,type4
380,2455,type4
380,1699,type4
380,2436,type4
380,2291,type4
380,1208,type4
380,1005,type4
381,2116,type2
381,494,type3
381,1005,type3
381,142,type3
381,547,type4
381,1950,type4
382,2600,type2
382,2701,type2
382,2616,type2
382,875,type3
382,391,type3
382,383,type4
383,1434,type3
383,1340,type4
385,2562,type1
385,1208,type2
385,2056,type3
385,1786,type3
385,2220,type4
385,16,type4
385,1073,type4
385,2676,type4
386,2279,type1
386,2324,type3
386,45,type4
386,1991,type4
386,1959,type4
386,1698,type4
387,579,type1
387,414,type3
388,1593,type2
389,2263,type2
389,1433,type2
389,2073,type3
389,2042,type3
390,2154,type4
391,1151,type2
391,383,type4
391,875,type4
391,502,type4
392,1286,type2
392,1076,type4
393,1076,type1
393,2209,type2
393,2004,type3
394,373,type1
395,2005,type1
395,2175,type4
396,671,type3
396,1962,type4
397,2076,type3
398,172,type2
398,1420,type4
400,1160,type1
400,2090,type3
400,2592,type3
400,2376,type3
401,2592,type4
402,2357,type2
402,2009,type3
402,403,type3
402,1601,type4
402,716,type4
403,2000,type1
403,1855,type3
404,2102,type2
404,497,type2
404,1371,type3
404,1132,type3
404,259,type3
405,2545,type2
405,2009,type3
405,403,type4
406,981,type2
406,1292,type4
406,935,type4
407,227,type4
407,2209,type4
408,418,type2
408,2318,type2
408,411,type3
408,1800,type3
408,775,type3
408,917,type3
408,1801,type3
408,1802,type3
408,1948,type4
409,1801,type1
409,314,type2
409,1800,type2
409,418,type2
409,944,type3
409,917,type3
409,1802,type3
409,368,type3
409,411,type3
410,336,type2
410,651,type3
410,418,type4
411,418,type1
412,2279,type1
412,375,type1
412,914,type1
412,937,type2
412,35,type3
412,1939,type3
412,2510,type4
413,99,type4
413,98,type4
414,2155,type4
414,1388,type4
414,2345,type4
415,116,type2
415,335,type3
416,2293,type2
416,2047,type3
417,2383,type1
417,2178,type3
417,1672,type4
418,917,type2
418,2207,type3
418,1800,type3
418,1802,type4
419,2608,type3
419,20,type4
420,2625,type2
421,2026,type3
422,998,type1
422,1435,type3
422,657,type3
422,1372,type3
422,2007,type4
422,2029,type4
422,1551,type4
422,30,type4
423,657,type3
423,422,type4
423,1964,type4
423,2037,type4
423,700,type4
423,1372,type4
424,923,type2
425,1277,type1
425,2124,type1
425,127,type1
425,2387,type1
425,1671,type3
425,121,type3
425,866,type3
425,1672,type3
425,1399,type3
425,415,type4
425,248,type4
425,2070,type4
426,508,type3
427,963,type4
427,1994,type4
427,2309,type4
428,2026,type1
429,1409,type2
430,410,type2
430,2352,type4
430,127,type4
430,126,type4
431,2030,type3
431,1193,type4
431,2250,type4
433,847,type1
435,1123,type3
435,369,type4
436,1212,type1
436,5,type2
436,2638,type2
436,173,type2
436,867,type3
437,121,type3
437,248,type4
438,2627,type3
438,1399,type3
438,1860,type4
438,1087,type4
439,167,type2
439,2583,type3
439,2657,type3
439,1418,type4
439,869,type4
439,1008,type4
440,1212,type1
440,978,type3
441,474,type3
442,443,type2
442,1911,type4
444,1094,type1
444,223,type4
444,1095,type4
446,644,type1
446,1643,type3
446,1586,type3
447,835,type1
447,1166,type2
447,1980,type2
447,860,type3
447,1107,type3
447,510,type3
447,448,type4
447,911,type4
447,720,type4
448,2312,type1
448,2304,type3
449,1081,type2
449,72,type2
449,2111,type3
449,2278,type3
449,1006,type3
449,1455,type4
449,1065,type4
449,450,type4
450,1008,type4
451,1364,type1
451,148,type1
451,509,type2
451,1008,type4
452,1093,type4
453,72,type1
453,776,type3
453,1681,type4
453,2247,type4
454,2701,type3
454,2616,type3
454,2600,type3
454,1066,type3
454,455,type3
456,245,type4
459,2009,type4
460,601,type1
460,2282,type1
462,1984,type2
462,1136,type4
463,1803,type3
463,2391,type4
463,464,type4
464,1803,type4
465,1913,type1
465,1803,type1
465,2035,type2
465,1344,type2
465,471,type2
465,569,type2
465,2626,type3
465,2398,type3
465,1192,type3
465,2298,type3
465,1804,type3
465,2594,type3
465,464,type3
465,2291,type3
465,2391,type3
465,2599,type3
465,206,type4
465,2552,type4
465,463,type4
466,1358,type2
466,339,type2
466,539,type3
466,1352,type4
466,277,type4
466,940,type4
466,2168,type4
467,535,type2
467,965,type2
467,2435,type3
467,539,type3
468,1682,type2
468,551,type2
468,2425,type2
468,552,type3
468,1688,type3
468,2593,type4
468,1683,type4
468,1689,type4
468,195,type4
468,1248,type4
468,1684,type4
469,726,type1
469,727,type4
470,1414,type2
470,844,type4
471,472,type2
471,2396,type3
471,1192,type3
471,2298,type4
472,1192,type4
473,583,type2
473,2261,type2
473,469,type3
473,2680,type3
473,1205,type4
473,499,type4
473,142,type4
473,1806,type4
473,2136,type4
473,1403,type4
474,686,type1
474,860,type4
475,540,type2
475,279,type2
475,1695,type3
475,820,type3
475,1133,type4
475,1696,type4
476,34,type3
476,742,type4
477,874,type2
478,2210,type2
480,1980,type1
480,1380,type1
480,2265,type1
480,2516,type2
480,1102,type3
480,1364,type4
480,1357,type4
480,1482,type4
481,1908,type1
481,482,type4
483,245,type1
483,2075,type3
483,1472,type4
484,1221,type1
484,496,type3
484,980,type3
485,2283,type3
485,2243,type3
485,793,type4
485,792,type4
485,795,type4
486,2221,type1
486,793,type3
486,795,type3
486,485,type3
486,792,type3
487,805,type1
487,488,type2
487,2696,type2
487,1626,type4
487,1941,type4
487,2658,type4
488,1941,type2
488,2083,type4
489,1941,type1
489,1611,type2
489,1626,type3
489,2571,type4
489,2533,type4
490,2227,type3
490,1942,type4
491,1421,type1
491,2012,type1
491,2634,type2
491,833,type2
491,2092,type2
491,2164,type2
491,2149,type2
491,841,type2
491,2189,type2
491,2280,type3
491,493,type4
491,1182,type4
491,492,type4
492,841,type2
492,833,type4
492,2280,type4
493,492,type2
493,841,type3
493,2280,type3
494,547,type3
494,1943,type4
495,1943,type4
496,972,type2
496,1220,type3
496,900,type4
497,364,type3
497,458,type3
498,2004,type1
498,1945,type3
498,266,type4
499,1318,type1
499,583,type1
499,2123,type3
499,1067,type3
499,1218,type3
499,352,type3
499,606,type4
499,1501,type4
499,2668,type4
499,1791,type4
499,2621,type4
499,1276,type4
501,502,type4
501,675,type4
501,1124,type4
502,2213,type3
503,1946,type1
503,2180,type3
503,704,type4
503,862,type4
504,2050,type3
504,924,type3
504,37,type3
504,2306,type3
504,758,type4
504,1511,type4
504,927,type4
505,2090,type1
505,1160,type2
505,1910,type3
505,679,type3
505,2184,type3
505,1667,type3
505,891,type4
505,1452,type4
505,678,type4
505,2370,type4
506,24,type2
506,559,type2
506,2123,type3
506,1499,type3
508,426,type2
508,1020,type3
508,351,type4
509,451,type4
509,2626,type4
509,2599,type4
509,2594,type4
510,618,type1
510,2626,type2
510,2594,type2
510,1439,type3
510,1190,type3
510,1440,type3
510,1968,type4
510,1447,type4
510,723,type4
510,619,type4
510,2599,type4
510,1441,type4
510,2589,type4
511,785,type2
511,2614,type4
511,299,type4
512,937,type2
512,1947,type2
512,1386,type2
512,1408,type2
512,591,type3
512,356,type3
512,398,type4
512,702,type4
512,914,type4
512,659,type4
512,239,type4
512,505,type4
513,2175,type1
513,639,type1
513,1947,type3
513,1329,type4
513,1984,type4
514,2632,type1
514,336,type2
514,1198,type2
514,2602,type3
514,2609,type4
514,2659,type4
514,2513,type4
515,336,type3
516,972,type3
516,2352,type3
516,1167,type3
517,2050,type1
517,1598,type2
517,522,type2
517,1173,type3
517,1597,type4
517,6,type4
518,1235,type1
518,108,type3
518,703,type3
518,2413,type4
518,48,type4
519,2223,type3
519,1309,type4
520,1968,type2
521,1364,type4
522,2050,type3
522,2306,type4
522,1357,type4
522,785,type4
522,2614,type4
525,2681,type1
525,1609,type2
525,682,type2
525,1641,type2
525,2377,type3
525,1604,type3
525,1651,type3
525,2399,type4
525,1605,type4
525,923,type4
525,955,type4
526,1948,type3
527,1706,type2
527,2458,type3
527,2456,type3
527,1086,type4
527,1740,type4
527,1043,type4
528,802,type3
528,711,type3
528,95,type3
528,1995,type4
528,628,type4
528,2552,type4
529,1949,type3
530,2179,type3
530,2017,type4
530,2597,type4
531,1375,type4
532,2085,type2
532,2017,type4
533,532,type3
533,2350,type4
535,2020,type3
535,835,type3
536,2365,type2
536,1601,type2
536,1991,type3
536,1194,type3
536,1602,type3
536,589,type3
536,945,type3
536,781,type3
536,73,type3
536,947,type3
536,2363,type3
536,640,type3
536,610,type4
536,946,type4
536,2364,type4
536,1332,type4
537,516,type2
537,1402,type2
537,1517,type3
537,538,type4
538,132,type1
538,2488,type3
538,1999,type3
538,73,type4
539,2435,type2
539,965,type3
539,535,type4
540,541,type2
540,723,type3
540,725,type3
541,723,type3
541,724,type3
542,6,type3
543,33,type1
544,2292,type1
544,1831,type2
544,625,type2
544,65,type2
544,1768,type3
544,1280,type3
544,1826,type3
544,1163,type3
544,1828,type3
544,1519,type3
544,2700,type3
544,1078,type3
544,1113,type3
544,2697,type4
544,1529,type4
544,1358,type4
544,2699,type4
544,1522,type4
546,1950,type4
546,2116,type4
547,1950,type3
548,957,type3
549,259,type4
549,957,type4
550,1782,type1
550,2659,type1
550,2632,type1
550,1951,type1
550,610,type1
550,2609,type3
550,2503,type3
550,8,type3
550,2602,type3
552,551,type1
552,1879,type4
552,1689,type4
553,1057,type2
553,1070,type2
553,2268,type2
553,2488,type3
553,1473,type3
553,937,type4
553,1770,type4
555,1952,type4
556,2127,type2
556,2048,type2
556,997,type4
557,1888,type4
558,1197,type1
558,1174,type2
558,22,type2
558,2080,type2
558,682,type3
558,1063,type3
558,1633,type3
558,1554,type4
558,573,type4
558,1155,type4
558,1176,type4
560,2595,type1
560,2183,type1
560,2208,type2
560,1398,type3
561,1241,type4
562,392,type2
563,663,type2
563,562,type2
563,392,type3
563,1286,type4
563,1905,type4
564,1953,type3
565,1953,type1
565,2185,type1
566,2447,type3
567,1085,type1
567,290,type3
567,2554,type4
568,1496,type3
568,886,type4
569,2391,type1
569,464,type3
569,1803,type4
570,602,type1
570,1214,type3
570,2005,type3
571,1954,type4
572,2343,type4
573,1435,type1
573,1247,type3
573,1554,type4
573,998,type4
573,558,type4
573,2375,type4
574,1650,type3
574,1218,type3
574,1298,type4
575,399,type3
575,2454,type3
577,578,type2
577,1180,type3
577,2431,type4
577,1407,type4
577,1901,type4
578,577,type1
578,1329,type2
578,1977,type2
578,1181,type2
578,1180,type3
578,2500,type4
578,1901,type4
578,2002,type4
579,1987,type2
579,971,type2
580,2164,type1
580,2189,type3
580,493,type3
580,2012,type4
580,833,type4
580,1956,type4
582,1957,type3
582,2300,type4
583,24,type1
583,2485,type2
583,1276,type3
583,1501,type3
583,1063,type4
583,1176,type4
583,1791,type4
583,22,type4
583,1900,type4
584,2613,type3
584,738,type4
586,1593,type2
586,2641,type3
587,398,type4
588,1977,type2
590,2219,type2
590,1984,type2
590,594,type2
590,2244,type2
590,519,type3
590,921,type3
590,920,type3
590,2601,type4
590,1040,type4
590,1436,type4
590,630,type4
590,1371,type4
591,659,type4
592,659,type3
592,2655,type4
594,2219,type2
594,920,type3
594,1436,type4
594,35,type4
595,2644,type1
595,579,type3
595,2099,type3
595,1265,type4
595,130,type4
596,1432,type3
597,2303,type1
597,598,type2
597,599,type2
600,2297,type4
603,1248,type2
603,1015,type4
604,1015,type3
604,603,type4
605,1957,type1
605,2300,type2
606,1957,type2
606,1641,type4
607,1957,type3
608,1468,type2
608,2540,type3
608,1448,type4
608,2252,type4
609,1236,type1
609,165,type2
609,2109,type3
609,1681,type4
610,716,type3
610,78,type4
611,612,type3
612,611,type4
613,1493,type2
613,75,type4
614,615,type3
614,2001,type4
614,616,type4
615,2335,type3
616,615,type3
618,619,type2
618,1439,type2
618,510,type3
618,254,type4
618,1793,type4
619,1439,type2
619,254,type4
619,1447,type4
620,1348,type2
620,976,type4
620,278,type4
621,686,type4
622,1958,type4
623,2324,type3
623,388,type3
624,763,type4
625,1280,type4
626,625,type1
626,544,type3
626,2537,type3
626,1280,type4
626,2699,type4
627,1280,type2
627,625,type3
628,225,type2
628,621,type2
628,2027,type3
628,237,type3
631,497,type2
631,404,type2
631,2222,type4
631,364,type4
632,364,type1
632,631,type2
632,2156,type3
632,633,type3
633,1132,type1
633,1975,type4
633,1500,type4
634,276,type4
635,1961,type3
635,637,type4
636,2107,type3
636,635,type3
636,1961,type4
637,1961,type2
638,1483,type1
638,540,type2
638,1365,type4
639,1962,type3
640,2165,type3
641,2665,type3
641,2477,type4
642,2192,type2
642,655,type4
643,1583,type2
643,303,type3
643,424,type3
643,1582,type3
643,2348,type4
643,1638,type4
643,1584,type4
643,2570,type4
643,954,type4
643,1608,type4
643,923,type4
643,2346,type4
643,1587,type4
643,955,type4
644,714,type1
644,1282,type1
644,674,type1
644,1587,type1
644,1490,type2
644,1629,type2
644,2676,type2
644,1491,type3
644,2374,type3
644,1627,type3
644,1053,type4
645,1587,type1
645,1628,type2
645,693,type3
645,1635,type3
645,1590,type3
645,2375,type3
645,674,type4
645,2196,type4
646,106,type3
647,1963,type4
648,2355,type2
649,1515,type2
649,1216,type4
649,2157,type4
650,1216,type4
651,1880,type4
652,2037,type2
652,993,type3
652,654,type3
652,813,type3
652,1964,type4
652,700,type4
652,653,type4
653,993,type1
653,2397,type1
653,738,type1
653,1964,type2
653,700,type3
653,695,type3
653,654,type4
653,2037,type4
653,1029,type4
653,697,type4
654,1964,type3
654,700,type3
654,993,type4
654,1970,type4
655,2224,type1
655,2603,type2
655,1273,type3
655,2192,type3
655,1415,type4
656,1372,type1
656,422,type3
656,657,type4
657,2369,type2
657,1372,type3
657,326,type4
657,1462,type4
657,422,type4
658,2681,type1
658,1641,type1
658,2395,type2
658,1651,type2
658,432,type2
658,2511,type3
658,1753,type4
658,2617,type4
658,1604,type4
658,1609,type4
658,1605,type4
659,1822,type2
660,2706,type2
660,1261,type4
661,663,type2
661,2217,type3
662,154,type2
663,2217,type3
663,2153,type3
663,661,type3
664,246,type1
664,1882,type3
664,1045,type3
665,832,type3
665,2143,type3
666,832,type2
667,832,type2
667,1066,type4
668,1153,type2
669,1287,type4
669,2131,type4
670,738,type1
670,487,type2
670,1573,type3
670,2341,type3
670,32,type4
670,2342,type4
671,2274,type2
673,981,type3
673,110,type3
673,1233,type3
673,1292,type4
673,900,type4
674,876,type4
675,501,type4
676,454,type2
676,382,type4
676,2600,type4
676,1151,type4
676,2701,type4
676,875,type4
676,391,type4
676,2616,type4
677,678,type1
677,1452,type1
678,1452,type3
679,1452,type3
681,696,type3
682,2666,type1
682,1900,type2
682,2019,type3
682,432,type4
682,2399,type4
683,1900,type3
684,1971,type1
685,857,type3
685,2011,type4
685,1225,type4
686,860,type2
686,474,type4
686,621,type4
687,1614,type3
687,1196,type3
687,1294,type4
687,1767,type4
687,2481,type4
689,688,type4
690,2028,type4
691,2034,type4
691,555,type4
692,1360,type4
693,1282,type4
694,1378,type3
694,268,type4
695,993,type4
697,812,type2
697,876,type3
697,1507,type3
698,1972,type4
699,2303,type1
699,2262,type1
699,1973,type3
701,867,type1
701,2082,type2
702,1070,type1
702,156,type1
702,524,type2
702,155,type3
703,2201,type3
703,260,type3
703,1037,type3
703,1035,type4
703,156,type4
704,761,type2
704,862,type2
704,845,type2
704,2597,type4
704,530,type4
705,1292,type3
705,935,type4
706,1974,type3
707,701,type4
707,1090,type4
707,518,type4
708,2311,type3
708,1024,type3
708,1512,type4
708,765,type4
709,1027,type1
709,367,type2
709,1829,type2
709,834,type2
709,2203,type2
709,1024,type3
709,2074,type4
709,1058,type4
709,765,type4
709,708,type4
710,368,type2
710,2686,type4
710,1976,type4
711,1977,type1
711,2218,type2
711,95,type3
711,1374,type4
712,2108,type2
712,1977,type3
713,714,type3
713,1627,type3
713,644,type4
713,2403,type4
713,1053,type4
714,2289,type2
714,876,type3
715,714,type1
715,1053,type2
715,1629,type3
715,1627,type4
716,185,type4
717,1417,type3
717,185,type4
718,1811,type2
718,1813,type3
718,2575,type4
718,2553,type4
718,1555,type4
719,630,type1
719,1978,type3
720,1978,type3
720,1924,type4
720,2637,type4
721,806,type3
721,1506,type4
722,806,type2
723,541,type3
724,541,type2
725,1438,type2
725,541,type3
725,2610,type3
725,2197,type4
725,2669,type4
726,469,type2
726,727,type3
727,469,type3
728,1979,type3
729,7,type1
729,225,type2
729,528,type3
729,1130,type3
729,2075,type3
729,2552,type4
729,628,type4
730,1544,type2
730,2329,type2
730,2330,type2
731,650,type2
731,2157,type2
732,599,type3
733,2351,type2
733,2424,type3
733,1981,type4
733,1592,type4
737,1459,type3
737,175,type3
737,1255,type4
738,1213,type3
738,739,type4
739,1213,type4
740,2507,type3
743,2009,type1
743,1984,type3
745,744,type3
745,2025,type4
746,745,type2
746,744,type4
746,2048,type4
746,997,type4
746,2025,type4
747,410,type4
747,515,type4
748,1622,type1
748,2402,type1
748,1610,type4
749,1986,type2
750,2598,type4
750,2633,type4
751,873,type2
751,1272,type2
752,2544,type3
753,2214,type2
754,1987,type4
755,1881,type1
756,1898,type3
756,153,type3
756,855,type4
756,2336,type4
757,273,type2
757,271,type3
758,953,type2
758,317,type2
758,504,type2
758,2050,type3
759,1512,type2
759,1830,type2
759,1827,type2
759,2537,type2
759,1829,type3
759,2539,type3
759,1519,type3
759,1529,type3
759,1172,type4
759,1768,type4
760,1988,type2
760,431,type4
761,2661,type2
761,1996,type3
761,2648,type3
761,1988,type4
761,2660,type4
762,2107,type2
762,636,type4
763,624,type4
764,1421,type2
764,493,type2
764,833,type2
764,491,type2
764,2189,type4
764,2012,type4
765,1024,type1
765,367,type4
766,1024,type3
766,366,type4
767,47,type2
767,2133,type4
767,203,type4
768,2248,type1
768,2437,type2
768,2436,type4
769,1989,type3
770,1989,type4
771,769,type2
771,770,type2
771,1989,type4
772,532,type1
772,2018,type2
772,82,type3
772,2350,type4
772,533,type4
773,2001,type3
773,1465,type4
773,355,type4
773,1990,type4
774,2270,type2
774,1052,type3
774,905,type4
775,2070,type3
775,1800,type4
777,1229,type2
778,1229,type3
779,2120,type2
779,2241,type3
779,1046,type4
779,1884,type4
780,1600,type2
780,2665,type3
780,1991,type3
780,2365,type4
780,2361,type4
780,1602,type4
781,1602,type3
781,1991,type4
781,2365,type4
782,2008,type1
782,2169,type2
783,2575,type4
783,784,type4
785,1598,type2
785,2614,type2
785,918,type2
785,1597,type3
785,2407,type3
785,1102,type3
785,2653,type4
785,522,type4
785,1357,type4
786,192,type1
787,2406,type1
787,16,type1
787,1658,type2
787,1151,type2
787,1358,type2
787,386,type2
787,1352,type2
787,2491,type3
787,9,type3
788,63,type2
788,1497,type3
789,1497,type4
789,63,type4
790,2243,type4
791,1836,type2
791,1566,type4
791,196,type4
793,485,type2
793,791,type4
793,196,type4
793,795,type4
794,795,type1
794,2243,type3
794,485,type4
795,791,type2
795,2243,type4
795,196,type4
795,792,type4
795,485,type4
796,1779,type3
796,1777,type4
797,2655,type1
797,470,type2
797,2476,type2
797,2272,type3
797,798,type3
797,844,type3
797,1411,type4
797,218,type4
798,2476,type4
799,800,type1
799,169,type3
799,1379,type4
800,1379,type4
800,2271,type4
801,255,type4
801,257,type4
801,256,type4
802,1995,type1
802,1880,type4
803,804,type3
806,805,type3
807,805,type4
808,61,type1
808,1996,type1
809,61,type1
809,1996,type2
809,892,type2
810,2339,type2
810,1330,type2
810,884,type3
810,748,type3
810,803,type3
810,2388,type3
810,2656,type3
810,2307,type3
810,2234,type3
810,1655,type3
810,1510,type3
810,1367,type4
810,2402,type4
810,2604,type4
810,818,type4
810,2607,type4
810,1570,type4
810,1306,type4
810,1,type4
810,2682,type4
810,2337,type4
810,1558,type4
810,2703,type4
811,361,type2
811,1239,type4
811,360,type4
812,1898,type4
813,654,type1
813,241,type1
813,652,type2
813,653,type3
813,695,type4
814,1361,type1
815,1997,type4
816,724,type2
816,1997,type3
816,2423,type4
816,2197,type4
817,1998,type2
817,2005,type4
818,2524,type2
818,1505,type2
818,1998,type2
818,1315,type3
818,312,type3
818,1461,type4
818,884,type4
821,1564,type2
821,369,type3
821,1363,type4
822,1673,type2
822,1363,type4
823,2325,type1
823,2381,type2
823,2682,type2
823,1791,type2
823,713,type3
823,2607,type3
823,1561,type3
823,1574,type3
823,1084,type3
823,1531,type3
823,1570,type3
823,2144,type4
823,1697,type4
823,1611,type4
823,2703,type4
823,2656,type4
824,2244,type4
824,2601,type4
825,2601,type3
825,2244,type4
826,882,type2
826,174,type2
826,138,type3
826,183,type4
826,773,type4
827,2004,type3
828,2530,type1
828,2620,type1
828,326,type3
828,2629,type4
830,310,type3
830,2140,type4
831,1621,type4
832,1349,type1
832,1350,type1
832,1351,type3
832,2354,type3
832,1863,type4
833,493,type3
834,367,type1
834,1058,type2
834,2664,type3
834,2074,type4
836,893,type2
836,908,type4
837,672,type2
838,2636,type1
838,1038,type2
838,709,type3
838,2006,type4
838,13,type4
839,2108,type1
839,2605,type1
839,2176,type2
839,578,type2
839,2500,type2
839,847,type3
839,577,type3
839,142,type3
839,433,type3
839,1901,type4
839,1267,type4
839,721,type4
840,2407,type4
840,918,type4
841,2280,type1
841,492,type4
842,1396,type1
842,2135,type1
842,261,type4
843,638,type3
844,470,type3
844,1414,type4
845,331,type3
846,2085,type2
846,331,type3
846,2179,type3
846,2180,type4
847,2124,type3
848,2010,type2
849,539,type2
849,2435,type2
849,1132,type4
850,1286,type3
850,1905,type4
851,2321,type4
853,1337,type3
853,969,type3
853,2630,type3
853,1338,type3
853,1062,type4
854,1138,type1
855,157,type3
856,2098,type4
856,2283,type4
857,2011,type2
858,1627,type1
858,693,type2
858,1626,type3
858,1613,type3
858,1629,type3
858,1053,type4
859,2379,type1
859,1921,type2
859,693,type3
859,2676,type3
859,952,type4
859,1635,type4
862,2180,type2
862,2085,type3
863,2085,type2
864,561,type1
867,869,type2
868,866,type4
870,2657,type1
870,869,type3
870,167,type4
871,866,type2
872,2030,type2
872,431,type4
872,1906,type4
873,477,type2
874,477,type3
877,1631,type3
878,1635,type3
878,877,type3
879,537,type3
879,79,type4
879,1220,type4
880,2604,type2
880,489,type2
880,890,type2
880,883,type4
880,2682,type4
881,489,type3
881,1611,type4
883,1565,type3
883,2604,type4
884,818,type4
885,1578,type2
885,1580,type2
885,1577,type4
887,1579,type2
888,1806,type2
888,1486,type2
888,1188,type2
889,2018,type4
890,2252,type2
890,2540,type4
891,678,type4
892,1645,type2
892,893,type2
894,895,type2
895,2583,type2
895,432,type2
895,2105,type4
896,2021,type2
897,2021,type3
898,155,type2
898,897,type3
898,1079,type4
898,2639,type4
899,1506,type2
901,192,type3
902,192,type4
903,1061,type2
904,1061,type2
904,903,type4
905,774,type2
905,2689,type3
906,2223,type2
906,400,type3
906,401,type4
906,2148,type4
906,2376,type4
907,644,type2
907,2403,type2
907,1566,type3
907,2667,type4
907,1491,type4
907,2347,type4
907,1285,type4
907,2337,type4
907,2130,type4
908,909,type3
908,2024,type4
909,2024,type1
910,1774,type3
910,2024,type3
911,989,type2
912,992,type4
912,989,type4
915,1347,type3
915,1188,type3
915,1331,type4
916,1189,type4
916,1188,type4
917,2096,type4
918,1915,type3
918,2407,type3
919,2236,type2
920,1436,type4
920,921,type4
922,2031,type2
922,2256,type4
923,1583,type2
923,2667,type2
923,1584,type3
923,2032,type3
923,2677,type3
923,1582,type4
923,1589,type4
923,424,type4
923,2348,type4
924,1107,type1
924,1915,type3
924,1376,type4
924,925,type4
925,1915,type4
925,924,type4
926,720,type2
926,925,type3
926,2306,type3
926,2528,type4
926,924,type4
927,924,type3
927,1107,type3
927,1376,type4
927,1795,type4
928,1042,type4
929,2604,type2
929,1345,type4
930,931,type2
930,932,type4
931,930,type2
931,932,type2
933,836,type4
934,2231,type3
935,1292,type1
936,2157,type3
937,1070,type3
937,2488,type3
937,2268,type3
937,1057,type4
937,1770,type4
938,2250,type3
940,835,type4
941,701,type4
942,2301,type4
943,2038,type3
944,245,type1
945,947,type3
945,1332,type3
946,947,type1
946,781,type2
946,1553,type4
946,1194,type4
948,2039,type4
949,386,type3
949,2078,type3
949,78,type4
950,1584,type3
950,1285,type4
950,2348,type4
950,952,type4
950,1582,type4
950,2346,type4
951,952,type2
951,1285,type4
952,1285,type4
953,1401,type3
954,424,type3
955,954,type4
956,845,type2
956,2161,type4
956,530,type4
956,862,type4
958,959,type3
958,1252,type4
959,1252,type4
960,962,type4
961,962,type3
964,2273,type2
964,2045,type4
966,2065,type1
966,2171,type3
966,1903,type4
967,1903,type2
967,1200,type4
968,2137,type4
969,1062,type1
969,1338,type3
973,2588,type4
974,2588,type2
974,2068,type4
975,2606,type4
976,278,type3
976,620,type3
976,1051,type3
977,2484,type2
977,1761,type3
977,370,type4
977,2702,type4
977,1486,type4
977,1763,type4
977,2475,type4
977,564,type4
978,115,type3
978,127,type4
978,128,type4
979,1125,type3
979,149,type4
980,630,type2
981,2042,type2
981,389,type4
982,2043,type3
983,1171,type1
983,2316,type2
983,2235,type2
983,2317,type4
983,2293,type4
985,297,type3
985,2456,type4
986,2046,type3
987,2046,type4
987,986,type4
988,912,type4
989,912,type2
989,725,type4
990,992,type3
990,1739,type4
990,912,type4
991,912,type2
991,988,type3
992,1739,type2
992,912,type2
992,1741,type4
992,990,type4
992,1721,type4
993,1462,type3
993,1562,type4
993,2047,type4
994,1281,type4
994,2147,type4
996,995,type2
997,2048,type4
998,1435,type3
999,1000,type1
999,2049,type3
999,2266,type3
1000,2049,type3
1000,2266,type3
1001,1883,type2
1005,547,type4
1006,1081,type3
1006,1226,type3
1007,1226,type3
1008,1459,type4
1009,1459,type4
1010,1459,type4
1011,606,type2
1011,1620,type3
1011,581,type4
1012,1813,type1
1013,1050,type2
1013,2069,type2
1013,1016,type3
1014,2240,type1
1014,915,type4
1015,915,type2
1015,2240,type3
1015,1016,type4
1016,2619,type3
1017,1016,type2
1017,2619,type4
1018,648,type1
1018,2670,type3
1018,2355,type4
1019,2052,type4
1020,1498,type2
1021,2200,type1
1021,2128,type2
1021,2122,type3
1022,1485,type2
1022,2144,type3
1022,1115,type3
1023,1485,type3
1023,2104,type3
1023,1504,type4
1023,803,type4
1024,1027,type4
1025,2172,type3
1025,1027,type4
1026,366,type4
1027,1058,type3
1027,2203,type3
1028,366,type4
1029,1462,type2
1029,1970,type3
1029,1562,type4
1030,175,type3
1030,2551,type3
1030,2520,type4
1030,1268,type4
1030,973,type4
1031,152,type4
1032,1031,type3
1032,152,type4
1032,1487,type4
1033,2054,type3
1034,369,type2
1035,1405,type3
1036,1405,type3
1036,1035,type3
1037,1035,type4
1038,709,type1
1038,367,type4
1039,2055,type1
1039,2646,type2
1039,2643,type3
1039,2211,type4
1040,2055,type2
1040,519,type3
1040,824,type4
1041,47,type2
1041,996,type2
1041,2133,type3
1041,203,type4
1041,767,type4
1042,300,type4
1042,2162,type4
1043,2458,type2
1043,2459,type3
1043,2071,type3
1043,2687,type4
1043,844,type4
1043,1705,type4
1045,246,type4
1047,2056,type4
1048,2084,type2
1048,2057,type4
1049,829,type2
1051,1885,type3
1051,1014,type4
1051,2467,type4
1051,2069,type4
1052,2270,type3
1053,2123,type2
1053,1502,type2
1054,791,type2
1054,748,type3
1054,2234,type3
1054,2,type3
1054,1564,type4
1054,499,type4
1054,1653,type4
1055,2234,type4
1056,547,type4
1057,1473,type3
1058,2074,type1
1058,1027,type3
1058,2203,type4
1059,1234,type2
1059,2413,type2
1059,818,type3
1059,1090,type3
1059,58,type3
1060,2115,type2
1061,903,type4
1062,1338,type3
1063,2478,type3
1064,697,type2
1065,1242,type4
1065,72,type4
1066,2143,type4
1067,2118,type2
1067,2371,type3
1067,1642,type3
1067,2377,type3
1067,2560,type4
1067,352,type4
1068,1001,type2
1068,1699,type4
1069,546,type2
1069,2503,type4
1069,2116,type4
1070,1057,type2
1070,1770,type2
1070,1473,type3
1071,1359,type3
1071,1764,type4
1072,2657,type1
1072,167,type4
1072,869,type4
1073,2059,type3
1073,1695,type3
1073,2504,type3
1074,2377,type4
1074,2060,type4
1075,2061,type3
1075,2434,type4
1077,2286,type2
1078,1597,type1
1079,2166,type1
1080,2257,type2
1082,1917,type1
1083,1082,type3
1083,1904,type4
1083,2583,type4
1084,1611,type2
1084,1596,type3
1085,372,type3
1085,2062,type4
1086,1538,type3
1086,1534,type3
1086,1540,type3
1086,1536,type4
1086,1537,type4
1086,1479,type4
1086,1533,type4
1086,2449,type4
1086,1734,type4
1087,2124,type2
1088,2106,type2
1088,2531,type3
1088,1089,type3
1089,1088,type3
1089,2106,type4
1089,2531,type4
1091,2523,type2
1091,2433,type3
1091,1004,type4
1091,2430,type4
1091,2274,type4
1091,2432,type4
1092,180,type3
1092,1449,type4
1094,1095,type4
1095,1094,type3
1095,1099,type4
1096,2066,type4
1097,1444,type2
1097,1438,type4
1097,2610,type4
1097,2669,type4
1098,2205,type4
1099,1241,type2
1100,138,type3
1102,1482,type2
1103,199,type2
1104,2334,type4
1105,1278,type2
1105,2618,type3
1105,1106,type3
1106,1278,type3
1106,2618,type4
1107,1376,type3
1107,1793,type4
1109,780,type1
1109,2360,type3
1110,2679,type1
1111,1838,type2
1111,1112,type3
1111,2067,type4
1112,2067,type1
1112,2547,type2
1112,1841,type2
1112,1111,type4
1113,965,type2
1113,539,type2
1113,1525,type2
1113,1526,type3
1113,1509,type4
1114,2068,type4
1115,1485,type2
1116,2236,type3
1117,2072,type3
1117,2215,type4
1118,389,type3
1118,2263,type3
1118,2073,type4
1121,2282,type1
1122,828,type2
1125,2691,type2
1125,2497,type3
1126,2691,type2
1126,2497,type3
1128,1775,type4
1130,1869,type1
1130,2075,type1
1130,2578,type2
1130,2553,type4
1131,953,type4
1133,1368,type4
1133,1696,type4
1134,1133,type1
1134,1696,type3
1135,2525,type3
1135,1791,type3
1135,2252,type4
1136,639,type3
1137,1809,type1
1137,915,type2
1137,2240,type4
1137,1847,type4
1139,938,type2
1139,1245,type3
1139,2674,type4
1140,99,type2
1141,2080,type1
1142,1596,type1
1142,2080,type3
1143,781,type1
1143,1194,type2
1143,1907,type2
1143,946,type3
1143,1553,type3
1144,739,type4
1144,2083,type4
1145,2083,type3
1146,2319,type4
1146,1048,type4
1146,2084,type4
1147,1052,type2
1147,2270,type3
1147,2624,type3
1147,1469,type4
1148,1052,type4
1149,2487,type4
1150,2086,type4
1151,1152,type4
1152,1434,type3
1152,2242,type3
1154,1197,type2
1155,2479,type3
1155,1197,type4
1155,1766,type4
1156,865,type4
1157,1129,type1
1157,1390,type3
1158,2089,type4
1159,2335,type3
1159,2201,type4
1159,1424,type4
1160,2090,type3
1161,1670,type3
1162,1377,type3
1162,1173,type3
1162,2635,type4
1162,840,type4
1162,517,type4
1163,1164,type2
1163,1829,type3
1163,2699,type4
1163,1519,type4
1164,2539,type4
1165,2292,type2
1167,2528,type2
1167,2407,type3
1168,1793,type2
1169,1827,type2
1169,1529,type2
1169,1829,type3
1170,1078,type3
1171,2394,type4
1172,2538,type2
1172,1830,type3
1173,1793,type2
1173,2407,type2
1173,2394,type3
1173,1795,type4
1175,1200,type1
1175,2151,type3
1175,1174,type4
1176,1155,type2
1176,1063,type4
1178,1177,type4
1178,1819,type4
1181,1329,type3
1182,2149,type3
1182,2092,type3
1183,1657,type2
1183,1185,type3
1183,2405,type3
1183,2487,type4
1184,2405,type1
1184,1183,type3
1184,2487,type4
1184,1657,type4
1184,1185,type4
1185,2405,type4
1186,113,type2
1186,2093,type4
1187,2094,type3
1188,2094,type3
1188,1189,type4
1189,2094,type4
1190,2320,type3
1190,1441,type4
1191,2705,type2
1191,2396,type3
1191,471,type3
1191,984,type4
1191,1230,type4
1191,2362,type4
1191,1547,type4
1192,2298,type1
1192,2396,type2
1192,472,type2
1192,1230,type4
1193,1290,type4
1194,1553,type2
1195,2096,type3
1196,2370,type2
1196,1791,type2
1196,1428,type3
1196,1617,type3
1196,327,type4
1197,2300,type3
1198,2554,type2
1198,9,type4
1200,1174,type3
1201,2127,type1
1201,14,type2
1201,2625,type3
1201,2413,type4
1201,58,type4
1202,2661,type2
1202,761,type4
1203,585,type4
1205,1718,type3
1206,1483,type2
1206,2168,type3
1207,1483,type4
1208,2693,type3
1208,2195,type3
1208,548,type3
1208,1716,type4
1208,2283,type4
1208,1279,type4
1208,2692,type4
1208,1783,type4
1208,1065,type4
1209,2182,type1
1210,887,type3
1210,2519,type4
1210,1579,type4
1211,2415,type1
1211,1897,type2
1211,2416,type2
1211,1866,type3
1211,1675,type4
1211,2119,type4
1211,1674,type4
1211,1673,type4
1213,739,type3
1214,602,type2
1216,2157,type2
1216,650,type4
1217,2101,type4
1218,525,type1
1218,1643,type2
1218,1,type3
1218,2401,type3
1218,1330,type3
1218,674,type3
1218,1201,type3
1218,2338,type4
1218,803,type4
1218,2196,type4
1218,1563,type4
1218,14,type4
1218,1554,type4
1219,1218,type1
1219,1650,type3
1219,1620,type3
1219,2399,type3
1219,1330,type3
1219,1,type4
1223,2103,type1
1224,2103,type2
1227,2280,type3
1227,492,type3
1228,1199,type4
1230,472,type4
1231,1392,type4
1231,2198,type4
1232,1392,type2
1232,1822,type4
1232,2198,type4
1233,2108,type4
1234,1090,type2
1236,2109,type4
1237,2615,type1
1237,1021,type3
1239,361,type2
1240,2110,type3
1241,232,type3
1241,1099,type4
1242,2111,type1
1242,2334,type3
1242,1552,type4
1242,1291,type4
1243,2180,type4
1244,2343,type4
1245,2674,type3
1246,2117,type2
1246,2275,type4
1247,2151,type3
1247,2368,type3
1247,877,type3
1247,1618,type3
1247,2375,type4
1248,2169,type3
1249,1250,type3
1252,959,type4
1253,1814,type1
1253,2585,type2
1253,1816,type2
1253,51,type2
1253,1844,type2
1253,2518,type3
1253,1817,type3
1253,1254,type3
1253,1578,type3
1253,1815,type3
1253,1871,type4
1253,2508,type4
1253,887,type4
1253,2529,type4
1253,1210,type4
1253,1266,type4
1253,1579,type4
1253,2426,type4
1254,1844,type1
1254,2508,type1
1254,2482,type3
1254,2555,type4
1255,2679,type2
1255,1065,type3
1255,2651,type3
1256,2307,type1
1256,2337,type1
1257,384,type4
1258,384,type2
1258,2512,type3
1258,1257,type4
1259,2121,type1
1260,233,type1
1260,1679,type3
1262,1810,type3
1262,1263,type4
1262,1261,type4
1263,1261,type3
1263,660,type3
1263,1262,type3
1263,2706,type4
1263,1810,type4
1264,1262,type2
1264,2706,type3
1264,1261,type3
1264,1263,type4
1264,660,type4
1268,2241,type1
1268,53,type2
1269,53,type4
1270,2335,type4
1271,2302,type4
1272,873,type3
1273,1415,type1
1275,2504,type1
1275,1486,type1
1275,2693,type2
1275,740,type2
1275,1788,type3
1275,1786,type3
1275,1471,type4
1275,2562,type4
1275,2692,type4
1275,2506,type4
1276,1501,type2
1276,1767,type3
1276,583,type3
1276,2123,type4
1277,2124,type2
1278,2618,type2
1278,1106,type4
1279,2126,type1
1282,1491,type2
1283,2277,type4
1285,2130,type1
1285,952,type2
1287,669,type3
1287,2131,type3
1288,2267,type2
1288,1604,type2
1288,1635,type3
1288,2132,type4
1289,2132,type4
1290,1790,type1
1291,1552,type3
1291,2334,type4
1292,935,type1
1293,2134,type2
1294,1921,type3
1294,1196,type4
1295,1647,type2
1297,368,type3
1298,2400,type2
1299,1481,type2
1299,923,type3
1300,482,type3
1301,973,type2
1301,2551,type3
1301,2588,type4
1302,2141,type2
1303,1124,type3
1305,2144,type4
1306,2434,type3
1306,2144,type4
1307,2145,type4
1308,2146,type4
1309,2148,type4
1310,2192,type2
1310,932,type4
1311,2150,type3
1312,2150,type3
1313,2579,type2
1313,824,type2
1313,2150,type2
1314,2434,type3
1314,1075,type4
1315,2151,type4
1316,1317,type4
1316,2152,type4
1316,2212,type4
1317,2152,type4
1318,2668,type2
1318,2621,type3
1319,1778,type3
1319,150,type4
1319,2193,type4
1320,2650,type1
1321,973,type2
1321,1347,type2
1321,1393,type4
1322,828,type3
1323,773,type3
1324,737,type2
1324,2651,type3
1326,698,type4
1326,1209,type4
1327,2158,type2
1327,2634,type4
1329,1181,type3
1330,1218,type1
1331,2160,type2
1333,1871,type3
1333,1667,type4
1334,1667,type2
1335,2162,type4
1336,2163,type4
1337,969,type4
1337,2631,type4
1337,1403,type4
1337,2630,type4
1338,1892,type3
1338,969,type4
1339,2164,type4
1341,1340,type4
1343,1141,type2
1343,2480,type3
1345,1461,type1
1345,1503,type2
1345,2293,type3
1345,2427,type3
1345,1690,type3
1345,1693,type3
1345,1692,type4
1345,1691,type4
1345,1755,type4
1345,2428,type4
1346,2286,type2
1347,1809,type4
1348,1809,type2
1349,1863,type3
1349,1350,type4
1350,2663,type3
1350,2354,type4
1350,1863,type4
1351,1863,type2
1351,2354,type3
1351,1350,type3
1351,2663,type3
1352,349,type4
1352,2168,type4
1353,603,type4
1354,1588,type3
1355,1356,type3
1357,2306,type1
1358,349,type1
1359,1764,type4
1365,2522,type3
1365,451,type3
1365,148,type4
1365,1447,type4
1366,2623,type3
1367,543,type1
1367,2448,type3
1367,1712,type3
1367,1394,type4
1368,1819,type1
1368,1340,type3
1369,1325,type2
1369,2470,type2
1375,531,type4
1376,1107,type4
1379,2271,type4
1381,2574,type1
1381,2582,type2
1382,2635,type4
1383,2188,type3
1384,2190,type4
1385,2191,type3
1387,2281,type3
1390,1157,type3
1390,371,type4
1391,1496,type2
1391,886,type4
1392,2198,type4
1393,2199,type3
1393,1347,type3
1394,1712,type1
1395,930,type4
1397,1892,type3
1397,1887,type3
1398,764,type3
1399,2204,type3
1399,1790,type4
1400,54,type4
1402,1516,type4
1403,2630,type3
1403,1337,type3
1404,1184,type2
1406,1189,type4
1410,2216,type4
1411,1414,type2
1411,797,type3
1412,1414,type4
1413,797,type3
1413,1414,type4
1416,2219,type4
1418,167,type3
1419,2226,type3
1419,1843,type4
1420,455,type3
1421,2634,type4
1422,1454,type4
1423,2584,type2
1423,1887,type3
1423,1698,type4
1425,2230,type3
1426,2231,type2
1427,2232,type3
1428,2396,type1
1429,731,type4
1430,680,type2
1431,2238,type4
1432,1328,type4
1434,2242,type4
1435,998,type4
1436,920,type2
1436,921,type3
1437,2485,type4
1443,2422,type2
1445,1444,type3
1445,1798,type4
1446,2543,type3
1446,2680,type4
1448,2252,type3
1448,2540,type4
1449,2253,type4
1451,2255,type4
1452,677,type3
1453,725,type4
1453,2256,type4
1454,1422,type3
1455,1006,type4
1456,2695,type3
1457,2642,type4
1461,1299,type4
1463,2269,type2
1464,994,type4
1466,1426,type2
1468,2540,type3
1468,608,type4
1469,604,type4
1470,2484,type2
1470,2579,type2
1470,687,type3
1470,1910,type4
1474,994,type4
1475,1983,type4
1476,2502,type1
1476,1780,type2
1477,1779,type4
1479,1737,type3
1480,2687,type2
1480,150,type4
1482,1380,type3
1484,1364,type4
1485,1115,type3
1487,2284,type4
1488,2288,type3
1489,2289,type3
1490,2289,type4
1491,2289,type4
1492,2289,type3
1492,1617,type4
1494,720,type4
1495,2372,type1
1495,952,type3
1499,2371,type2
1499,1642,type2
1502,2658,type3
1502,2690,type3
1502,2471,type4
1503,2471,type1
1503,1754,type1
1503,1751,type1
1503,1748,type2
1503,1747,type3
1503,2690,type4
1503,2658,type4
1503,1755,type4
1503,1576,type4
1504,488,type2
1504,2658,type3
1504,1749,type4
1507,2303,type4
1510,1862,type1
1510,1557,type3
1510,2308,type4
1510,1570,type4
1511,2310,type4
1512,2311,type2
1513,2313,type4
1514,2314,type2
1514,1515,type3
1514,1516,type3
1515,1518,type1
1516,2314,type3
1517,2314,type4
1518,2315,type3
1519,1512,type4
1520,1794,type4
1520,2515,type4
1521,2320,type4
1521,2588,type4
1522,1831,type3
1523,2697,type3
1523,1768,type4
1523,1828,type4
1523,1522,type4
1524,2322,type3
1525,1526,type4
1526,1525,type3
1527,1595,type3
1529,1828,type2
1529,1768,type4
1530,844,type3
1530,1545,type3
1532,1705,type3
1533,1086,type3
1534,1746,type1
1534,1535,type4
1535,1534,type4
1536,2449,type2
1537,1535,type4
1537,1534,type4
1538,1537,type3
1539,1538,type2
1539,1537,type3
1540,1533,type2
1540,1086,type2
1541,1544,type1
1541,1534,type2
1541,2327,type3
1542,2328,type1
1542,1541,type2
1542,1544,type4
1543,2329,type1
1543,1544,type3
1543,2459,type4
1544,2330,type4
1545,1530,type4
1546,2331,type1
1546,685,type3
1547,471,type3
1547,2396,type4
1549,59,type3
1549,1550,type4
1550,59,type2
1551,2333,type4
1552,2334,type4
1554,2666,type4
1554,2401,type4
1555,1811,type4
1556,2553,type1
1556,1130,type3
1556,2398,type3
1556,1869,type4
1556,2580,type4
1557,1570,type2
1557,1862,type4
1557,1510,type4
1559,1640,type4
1560,1572,type4
1560,1866,type4
1563,1653,type1
1563,713,type3
1563,955,type3
1563,1652,type3
1563,859,type4
1563,1623,type4
1563,1639,type4
1563,1590,type4
1564,2489,type2
1564,2579,type4
1566,2403,type2
1567,1642,type3
1567,2371,type3
1568,1639,type3
1568,2682,type3
1569,1554,type2
1569,2401,type3
1569,1342,type4
1570,2339,type3
1571,1572,type1
1572,2340,type4
1573,670,type4
1573,2342,type4
1575,2493,type3
1576,2343,type1
1577,1580,type1
1578,1580,type2
1579,885,type1
1579,1816,type2
1579,1817,type2
1579,2508,type3
1579,1266,type4
1580,1578,type3
1581,1578,type4
1581,1577,type4
1583,2678,type1
1583,1582,type2
1583,2677,type3
1583,2348,type4
1583,1584,type4
1583,2346,type4
1585,2346,type2
1585,1584,type4
1585,2667,type4
1586,2373,type2
1586,2366,type4
1588,1624,type2
1588,1625,type3
1588,1618,type3
1588,1582,type4
1589,1583,type4
1590,2373,type1
1590,1635,type3
1590,1288,type4
1590,1628,type4
1590,2366,type4
1591,2347,type4
1592,2351,type3
1592,2424,type3
1593,2353,type3
1594,2353,type3
1595,1527,type3
1597,1598,type3
1599,1600,type3
1599,2361,type3
1600,2361,type4
1601,2365,type3
1602,2365,type4
1603,1605,type2
1603,1604,type2
1604,1605,type4
1605,1604,type1
1606,2366,type2
1606,2373,type3
1606,1613,type4
1607,2373,type2
1607,2366,type3
1608,2368,type4
1609,2372,type4
1611,1619,type4
1612,1629,type4
1612,2378,type4
1612,1628,type4
1614,1618,type4
1615,1639,type2
1616,1617,type4
1618,2570,type1
1618,1617,type3
1621,831,type2
1622,831,type4
1623,2374,type4
1624,1625,type1
1625,1624,type2
1629,2675,type1
1629,2378,type2
1630,1629,type3
1630,2675,type4
1632,2378,type2
1633,1767,type1
1633,2401,type2
1634,2380,type4
1636,2382,type2
1637,2677,type4
1637,2678,type4
1646,2390,type2
1646,2388,type3
1646,2389,type4
1649,2393,type4
1650,2399,type2
1652,748,type2
1652,1653,type2
1653,748,type4
1655,2483,type3
1655,2402,type3
1656,2684,type3
1657,1183,type3
1657,2487,type4
1658,2406,type4
1659,1810,type1
1660,2408,type2
1661,2409,type3
1662,2410,type4
1663,1665,type2
1663,2412,type2
1663,1664,type2
1663,2685,type4
1664,2412,type3
1664,1665,type3
1665,2685,type4
1666,1046,type1
1666,1884,type2
1667,1884,type2
1668,1669,type4
1670,2417,type2
1670,1161,type4
1671,1672,type4
1673,1897,type2
1673,1674,type3
1676,2414,type3
1677,1674,type1
1678,2422,type4
1679,2423,type2
1680,1681,type2
1680,1447,type4
1682,1879,type4
1683,551,type1
1685,1686,type1
1686,1685,type4
1687,1682,type2
1687,2425,type2
1687,1683,type3
1687,468,type4
1687,552,type4
1688,552,type1
1688,1689,type2
1688,1879,type4
1689,2429,type4
1690,1693,type3
1691,1693,type1
1692,2427,type2
1697,1306,type4
1698,2436,type1
1698,2437,type3
1699,1784,type1
1699,2437,type3
1699,1785,type4
1700,2438,type1
1701,296,type2
1701,2453,type3
1701,2439,type4
1702,1734,type3
1703,1721,type2
1703,2441,type3
1703,1741,type3
1703,2451,type3
1703,1722,type3
1703,1726,type4
1704,2442,type4
1704,1728,type4
1706,1703,type4
1707,1738,type1
1707,2462,type1
1707,2443,type3
1707,1704,type3
1707,1741,type3
1707,2460,type3
1707,1744,type4
1707,1743,type4
1707,2466,type4
1707,2451,type4
1707,1715,type4
1707,1714,type4
1707,1733,type4
1708,1709,type2
1708,2444,type4
1709,2444,type3
1710,2445,type4
1711,2446,type4
1712,2448,type2
1713,1721,type1
1713,1715,type1
1713,992,type2
1713,1714,type2
1713,2461,type2
1713,1741,type2
1713,1739,type3
1713,296,type3
1713,1707,type3
1713,1730,type3
1713,2466,type4
1713,2465,type4
1713,2451,type4
1713,1727,type4
1713,2462,type4
1713,2452,type4
1714,992,type1
1714,1721,type3
1714,1713,type4
1714,2465,type4
1714,296,type4
1714,2462,type4
1715,1713,type3
1717,2687,type4
1717,1716,type4
1718,1720,type4
1719,1718,type4
1721,2451,type4
1723,1732,type1
1724,1732,type3
1725,2452,type2
1725,1730,type4
1726,1722,type2
1726,2453,type4
1727,1728,type1
1727,2453,type2
1727,2463,type2
1727,1729,type4
1729,1728,type3
1729,2463,type4
1730,1739,type2
1730,1715,type4
1730,2461,type4
1730,2465,type4
1730,2460,type4
1731,1732,type2
1731,2457,type3
1732,2688,type4
1733,1744,type2
1733,2460,type4
1733,1743,type4
1734,2458,type1
1735,2458,type1
1735,1734,type4
1736,1732,type2
1737,1739,type2
1738,1729,type3
1738,2460,type3
1739,992,type2
1741,151,type4
1742,151,type3
1743,1744,type4
1744,1743,type4
1745,2464,type3
1747,2471,type3
1747,2690,type4
1747,1751,type4
1750,2469,type2
1750,1751,type2
1750,2470,type4
1750,2511,type4
1751,2469,type4
1751,1754,type4
1752,2690,type3
1755,1576,type2
1756,2474,type2
1756,1757,type4
1757,2473,type3
1757,1756,type4
1757,1758,type4
1757,2474,type4
1758,2473,type4
1758,1756,type4
1759,1551,type3
1760,2472,type4
1761,2475,type3
1762,977,type3
1762,2475,type4
1763,2475,type4
1765,2481,type3
1765,2478,type4
1766,2479,type1
1768,2538,type1
1768,1172,type4
1769,2532,type2
1770,2488,type4
1771,1772,type2
1771,2490,type4
1772,1771,type4
1772,2490,type4
1773,2494,type3
1774,2495,type2
1775,910,type4
1776,2496,type4
1778,2285,type3
1779,1477,type4
1780,2501,type4
1781,2505,type3
1781,2503,type3
1781,2692,type4
1781,2693,type4
1781,2507,type4
1782,2505,type4
1783,111,type3
1784,2693,type1
1784,111,type2
1784,2505,type3
1784,2692,type3
1784,1785,type4
1785,111,type1
1785,2505,type3
1785,2507,type3
1785,1784,type4
1786,2509,type4
1787,1786,type2
1787,2509,type3
1788,2509,type1
1789,2514,type1
1792,1789,type4
1792,2514,type4
1793,1795,type2
1794,1795,type4
1795,1793,type4
1797,1796,type2
1798,1444,type3
1799,1798,type2
1799,1445,type4
1805,1331,type4
1807,2521,type4
1808,2522,type4
1809,1347,type4
1811,1813,type2
1811,1555,type3
1815,2529,type2
1816,51,type4
1816,1814,type4
1816,1266,type4
1816,1817,type4
1820,2534,type4
1821,2535,type1
1824,2536,type2
1825,1172,type2
1826,2699,type1
1826,1164,type2
1826,1827,type2
1826,2700,type3
1826,1829,type4
1827,1529,type3
1827,1830,type3
1828,1825,type2
1828,1529,type3
1828,1163,type4
1828,2698,type4
1828,2699,type4
1832,2702,type4
1833,1889,type1
1833,2544,type3
1834,2541,type3
1835,2543,type3
1836,1837,type3
1839,1112,type2
1839,2550,type4
1840,1843,type4
1840,1419,type4
1841,1896,type4
1842,2554,type1
1842,2588,type2
1842,2590,type4
1843,1419,type4
1844,2555,type4
1845,2556,type1
1846,2568,type1
1846,1847,type1
1846,1848,type3
1846,2569,type3
1846,1849,type3
1846,1858,type4
1847,1846,type3
1847,1858,type3
1847,1848,type4
1848,1846,type3
1848,1858,type4
1849,1846,type3
1850,2557,type4
1851,2561,type2
1853,2565,type4
1853,2566,type4
1853,2558,type4
1854,2566,type4
1854,2565,type4
1855,2565,type2
1855,2566,type4
1855,2567,type4
1856,2567,type2
1856,1854,type2
1856,2566,type4
1856,2565,type4
1858,2568,type2
1859,2572,type2
1862,1558,type3
1864,2577,type3
1865,1211,type3
1866,1211,type4
1867,1868,type4
1870,2581,type3
1871,2586,type4
1872,329,type3
1872,1874,type4
1872,1877,type4
1873,1877,type1
1873,1872,type2
1873,329,type3
1873,1874,type3
1874,329,type2
1874,1877,type2
1875,2587,type2
1877,1875,type4
1898,2708,type4
